quality_rule,waveform,action_id,action_code,excluded_participant_code,B,W,W_over_B,continuous_n90,integer_n90,boundary_nodes
unaltered_nonzero_primary,racket,1,FA,1,56.6539082546,37.526426086,0.662380182446,5.96142164201,6,0
unaltered_nonzero_primary,racket,1,FA,2,55.5131538214,36.6815431797,0.660772099126,5.94694889214,6,0
unaltered_nonzero_primary,racket,1,FA,3,49.6650123992,38.0066259255,0.765259567843,6.88733611059,7,0
unaltered_nonzero_primary,racket,1,FA,4,56.5631111882,36.8829250355,0.65206676685,5.86860090165,6,0
unaltered_nonzero_primary,racket,1,FA,5,49.7400677769,36.2731196463,0.729253522713,6.56328170442,7,0
unaltered_nonzero_primary,racket,1,FA,6,57.1458688915,37.6468949628,0.658785940139,5.92907346125,6,0
unaltered_nonzero_primary,racket,1,FA,7,57.8105687909,37.319582657,0.645549480614,5.80994532553,6,0
unaltered_nonzero_primary,racket,1,FA,8,57.9303403449,37.4289259208,0.646102296275,5.81492066648,6,0
unaltered_nonzero_primary,racket,1,FA,9,57.6201842384,37.7100545518,0.654459110992,5.89013199893,6,0
unaltered_nonzero_primary,racket,1,FA,10,52.8993626655,37.1261272081,0.701825605025,6.31643044523,7,0
unaltered_nonzero_primary,racket,1,FA,11,57.6831177854,36.8521376012,0.638872152132,5.74984936918,6,0
unaltered_nonzero_primary,racket,1,FA,12,57.8390031106,35.9749232643,0.621983805555,5.59785425,6,0
unaltered_nonzero_primary,racket,1,FA,13,56.2158069424,36.4462972378,0.648328276692,5.83495449023,6,0
unaltered_nonzero_primary,racket,1,FA,14,58.221713848,35.8189021563,0.615215523366,5.5369397103,6,0
unaltered_nonzero_primary,racket,1,FA,15,57.7613275227,34.8987056368,0.604188081084,5.43769272975,6,0
unaltered_nonzero_primary,racket,1,FA,16,57.8953103958,36.496985176,0.63039622599,5.67356603391,6,0
unaltered_nonzero_primary,racket,1,FA,17,56.3873157051,36.6187685089,0.649414997877,5.84473498089,6,0
unaltered_nonzero_primary,racket,1,FA,18,57.773069668,36.7680317909,0.636421640777,5.727794767,6,0
unaltered_nonzero_primary,racket,1,FA,19,56.5490026525,35.1826808455,0.622162711899,5.59946440709,6,0
unaltered_nonzero_primary,racket,1,FA,20,57.3585863153,37.239006151,0.649231589256,5.84308430331,6,0
unaltered_nonzero_primary,racket,1,FA,21,57.9771259324,36.8404089546,0.635430065946,5.71887059352,6,0
unaltered_nonzero_primary,racket,1,FA,22,53.4724578696,36.589681222,0.684271542393,6.15844388154,7,0
unaltered_nonzero_primary,racket,1,FA,23,58.2180042882,37.4453464899,0.643191860451,5.78872674406,6,0
unaltered_nonzero_primary,racket,1,FA,24,57.7306137382,36.5855403678,0.633728588678,5.7035572981,6,0
unaltered_nonzero_primary,racket,1,FA,25,57.0522291878,37.1971702082,0.651984519058,5.86786067152,6,0
unaltered_nonzero_primary,racket,1,FA,26,58.2568597803,36.3855913994,0.624571793547,5.62114614193,6,0
unaltered_nonzero_primary,racket,1,FA,27,57.638427588,34.9613546822,0.606563297183,5.45906967465,6,0
unaltered_nonzero_primary,racket,1,FA,28,56.3091323318,36.642600214,0.650739919027,5.85665927124,6,0
unaltered_nonzero_primary,racket,1,FA,29,58.1407626065,37.0572907205,0.637371941116,5.73634747004,6,0
unaltered_nonzero_primary,racket,1,FA,30,56.35270509,37.6017794521,0.667257754389,6.0053197895,7,0
unaltered_nonzero_primary,racket,2,FD,1,186.744774369,142.673597409,0.764003158272,6.87602842445,7,0
unaltered_nonzero_primary,racket,2,FD,2,186.794319613,138.202867422,0.739866542564,6.65879888308,7,0
unaltered_nonzero_primary,racket,2,FD,3,179.565622074,138.122296699,0.769202340087,6.92282106079,7,0
unaltered_nonzero_primary,racket,2,FD,4,188.810569023,132.636244458,0.702483156233,6.3223484061,7,0
unaltered_nonzero_primary,racket,2,FD,5,184.088813625,139.841465697,0.759641299999,6.83677169999,7,0
unaltered_nonzero_primary,racket,2,FD,6,183.757374033,140.587422515,0.765070916225,6.88563824602,7,0
unaltered_nonzero_primary,racket,2,FD,7,183.295729651,140.10046751,0.764341143006,6.87907028705,7,0
unaltered_nonzero_primary,racket,2,FD,8,184.843823735,140.262858291,0.758818203701,6.82936383331,7,0
unaltered_nonzero_primary,racket,2,FD,9,186.482363804,140.761782334,0.754826244491,6.79343620042,7,0
unaltered_nonzero_primary,racket,2,FD,10,175.482585778,137.462837009,0.783341756674,7.05007581007,8,0
unaltered_nonzero_primary,racket,2,FD,11,180.462600255,135.398164939,0.750283797018,6.75255417316,7,0
unaltered_nonzero_primary,racket,2,FD,12,188.583251796,134.682605225,0.714181158413,6.42763042571,7,0
unaltered_nonzero_primary,racket,2,FD,13,184.083732212,133.61205603,0.72582218116,6.53239963044,7,0
unaltered_nonzero_primary,racket,2,FD,14,184.702358851,139.009379686,0.7526129095,6.7735161855,7,0
unaltered_nonzero_primary,racket,2,FD,15,186.786666796,136.136750568,0.7288354833,6.5595193497,7,0
unaltered_nonzero_primary,racket,2,FD,16,188.836304673,136.905622178,0.724996299917,6.52496669925,7,0
unaltered_nonzero_primary,racket,2,FD,17,188.385969814,139.014042317,0.737921419808,6.64129277827,7,0
unaltered_nonzero_primary,racket,2,FD,18,172.713787509,134.890828106,0.781007874656,7.0290708719,8,0
unaltered_nonzero_primary,racket,2,FD,19,174.083778933,139.136204874,0.799248532671,7.19323679404,8,0
unaltered_nonzero_primary,racket,2,FD,20,180.087811157,140.394538107,0.779589341473,7.01630407326,8,0
unaltered_nonzero_primary,racket,2,FD,21,188.521138308,139.552676167,0.740249488302,6.66224539472,7,0
unaltered_nonzero_primary,racket,2,FD,22,183.283077662,141.224831337,0.770528480526,6.93475632474,7,0
unaltered_nonzero_primary,racket,2,FD,23,179.605073819,139.188304993,0.774968668944,6.97471802049,7,0
unaltered_nonzero_primary,racket,2,FD,24,186.197297861,137.591233381,0.738953974961,6.65058577465,7,0
unaltered_nonzero_primary,racket,2,FD,25,177.357953588,140.953052642,0.794737702996,7.15263932696,8,0
unaltered_nonzero_primary,racket,2,FD,26,184.322146013,138.967081069,0.753935889282,6.78542300354,7,0
unaltered_nonzero_primary,racket,2,FD,27,184.23361461,137.45982752,0.746116976594,6.71505278935,7,0
unaltered_nonzero_primary,racket,2,FD,28,186.289306475,140.812947329,0.755883147529,6.80294832776,7,0
unaltered_nonzero_primary,racket,2,FD,29,173.45082243,139.569804915,0.804664993566,7.2419849421,8,0
unaltered_nonzero_primary,racket,2,FD,30,186.173345108,142.256080544,0.764105519303,6.87694967373,7,0
unaltered_nonzero_primary,racket,3,FP,1,17.5461384232,15.3160283497,0.872900234814,7.85610211332,8,0
unaltered_nonzero_primary,racket,3,FP,2,17.4053720969,14.8013343743,0.850388850746,7.65349965672,8,0
unaltered_nonzero_primary,racket,3,FP,3,17.8091770313,15.1560858409,0.851026738308,7.65924064478,8,0
unaltered_nonzero_primary,racket,3,FP,4,17.6031374239,15.2973508067,0.869012746891,7.82111472202,8,0
unaltered_nonzero_primary,racket,3,FP,5,16.6673521803,14.7597390974,0.885547922536,7.96993130282,8,0
unaltered_nonzero_primary,racket,3,FP,6,17.2856737535,14.2392642889,0.82376102268,7.41384920412,8,0
unaltered_nonzero_primary,racket,3,FP,7,17.6515572748,15.1236430414,0.856788033257,7.71109229931,8,0
unaltered_nonzero_primary,racket,3,FP,8,16.977058417,14.9098303738,0.878234026625,7.90410623962,8,0
unaltered_nonzero_primary,racket,3,FP,9,17.7041108751,15.2622031211,0.862071144312,7.75864029881,8,0
unaltered_nonzero_primary,racket,3,FP,10,17.610002975,15.1094633355,0.858004587337,7.72204128603,8,0
unaltered_nonzero_primary,racket,3,FP,11,16.9086035213,14.8807712926,0.880070981253,7.92063883128,8,0
unaltered_nonzero_primary,racket,3,FP,12,17.6782638255,15.3312017241,0.867234581146,7.80511123031,8,0
unaltered_nonzero_primary,racket,3,FP,13,17.8059994035,15.0905161932,0.847496164141,7.62746547727,8,0
unaltered_nonzero_primary,racket,3,FP,14,17.3952402576,15.0780826861,0.866793586224,7.80114227602,8,0
unaltered_nonzero_primary,racket,3,FP,15,17.9162085731,14.5450758096,0.811838941831,7.30655047648,8,0
unaltered_nonzero_primary,racket,3,FP,16,17.872176512,14.7635947558,0.826065854146,7.43459268731,8,0
unaltered_nonzero_primary,racket,3,FP,17,17.858005415,15.1239719558,0.846901521436,7.62211369293,8,0
unaltered_nonzero_primary,racket,3,FP,18,17.7467498968,15.3185167371,0.863173078236,7.76855770412,8,0
unaltered_nonzero_primary,racket,3,FP,19,17.5721089801,14.7602136352,0.839979632034,7.55981668831,8,0
unaltered_nonzero_primary,racket,3,FP,20,17.8030365847,15.2329926331,0.855640135354,7.70076121818,8,0
unaltered_nonzero_primary,racket,3,FP,21,17.9087627341,14.5857177814,0.814445866419,7.33001279777,8,0
unaltered_nonzero_primary,racket,3,FP,22,17.3413114745,15.2562225978,0.879761753903,7.91785578513,8,0
unaltered_nonzero_primary,racket,3,FP,23,17.2881324371,15.1637555411,0.877119353187,7.89407417868,8,0
unaltered_nonzero_primary,racket,3,FP,24,17.9879001781,15.2047079686,0.845274201996,7.60746781797,8,0
unaltered_nonzero_primary,racket,3,FP,25,17.8721161184,15.3843044967,0.860799269366,7.74719342429,8,0
unaltered_nonzero_primary,racket,3,FP,26,17.6156905471,14.7254113912,0.835925866875,7.52333280187,8,0
unaltered_nonzero_primary,racket,3,FP,27,15.4396559052,15.5253724088,1.00555171075,9.04996539672,10,0
unaltered_nonzero_primary,racket,3,FP,28,16.9005205398,14.7689096062,0.873873060383,7.86485754345,8,0
unaltered_nonzero_primary,racket,3,FP,29,17.816911501,14.6709327312,0.823427378551,7.41084640696,8,0
unaltered_nonzero_primary,racket,3,FP,30,17.3806048832,15.418901822,0.887132635811,7.9841937223,8,0
unaltered_nonzero_primary,racket,4,BA,1,26.5746457409,49.7775315287,1.87312117023,16.8580905321,17,0
unaltered_nonzero_primary,racket,4,BA,2,26.9111184314,48.2914002113,1.79447763698,16.1502987328,17,0
unaltered_nonzero_primary,racket,4,BA,3,23.0938826423,48.0479917528,2.08055061581,18.7249555423,19,0
unaltered_nonzero_primary,racket,4,BA,4,26.6061829118,48.6149734812,1.82720586573,16.4448527916,17,0
unaltered_nonzero_primary,racket,4,BA,5,26.2714083526,48.847888917,1.85935554963,16.7341999467,17,0
unaltered_nonzero_primary,racket,4,BA,6,26.5910302177,49.7256520693,1.87001600398,16.8301440358,17,0
unaltered_nonzero_primary,racket,4,BA,7,26.8316704975,49.4682652443,1.84365208453,16.5928687608,17,0
unaltered_nonzero_primary,racket,4,BA,8,26.8109696041,49.4658794196,1.84498659132,16.6048793218,17,0
unaltered_nonzero_primary,racket,4,BA,9,26.9167632418,49.4552154637,1.8373388739,16.5360498651,17,0
unaltered_nonzero_primary,racket,4,BA,10,25.8943288136,47.0476746931,1.81691037569,16.3521933812,17,0
unaltered_nonzero_primary,racket,4,BA,11,26.6259867175,48.6076608983,1.82557219058,16.4301497152,17,0
unaltered_nonzero_primary,racket,4,BA,12,26.5687994652,47.9714648114,1.80555635848,16.2500072263,17,0
unaltered_nonzero_primary,racket,4,BA,13,24.624296469,46.821018905,1.90141549684,17.1127394716,18,0
unaltered_nonzero_primary,racket,4,BA,14,26.581045333,48.6657818716,1.83084529829,16.4776076846,17,0
unaltered_nonzero_primary,racket,4,BA,15,27.060029322,47.5286916352,1.75641685638,15.8077517074,16,0
unaltered_nonzero_primary,racket,4,BA,16,26.9032210033,48.1244522932,1.7887989058,16.0991901522,17,0
unaltered_nonzero_primary,racket,4,BA,17,27.17003311,44.7283918862,1.6462398741,14.8161588669,15,0
unaltered_nonzero_primary,racket,4,BA,18,24.4688669763,48.2226732339,1.97077671314,17.7369904183,18,0
unaltered_nonzero_primary,racket,4,BA,19,25.7827971002,48.5122882321,1.88157584469,16.9341826022,17,0
unaltered_nonzero_primary,racket,4,BA,20,26.664851756,49.5910714141,1.85979175387,16.7381257849,17,0
unaltered_nonzero_primary,racket,4,BA,21,26.8381038921,48.9241758275,1.82293712045,16.4064340841,17,0
unaltered_nonzero_primary,racket,4,BA,22,27.0388554081,48.6415448525,1.79894984896,16.1905486406,17,0
unaltered_nonzero_primary,racket,4,BA,23,26.3372737713,49.1764438091,1.86718049241,16.8046244317,17,0
unaltered_nonzero_primary,racket,4,BA,24,26.6697836756,47.8661588099,1.79477116845,16.1529405161,17,0
unaltered_nonzero_primary,racket,4,BA,25,25.9555587403,48.7121145008,1.87675075648,16.8907568083,17,0
unaltered_nonzero_primary,racket,4,BA,26,26.5767315445,48.2125922631,1.81409035127,16.3268131614,17,0
unaltered_nonzero_primary,racket,4,BA,27,25.1615459672,48.5689315465,1.93028407753,17.3725566978,18,0
unaltered_nonzero_primary,racket,4,BA,28,26.4744046686,49.1600819927,1.85689093327,16.7120183994,17,0
unaltered_nonzero_primary,racket,4,BA,29,26.3311645361,47.8104687458,1.81573696371,16.3416326734,17,0
unaltered_nonzero_primary,racket,4,BA,30,26.9368908072,49.922604503,1.85331725404,16.6798552863,17,0
unaltered_nonzero_primary,racket,5,BD,1,74.5566784135,219.333963984,2.94184194697,26.4765775227,27,0
unaltered_nonzero_primary,racket,5,BD,2,74.3458417462,213.613139123,2.87323586775,25.8591228097,26,0
unaltered_nonzero_primary,racket,5,BD,3,70.2890147438,198.627717549,2.82587141494,25.4328427345,26,0
unaltered_nonzero_primary,racket,5,BD,4,69.2184073166,217.272476476,3.1389407081,28.2504663729,29,0
unaltered_nonzero_primary,racket,5,BD,5,72.380594455,215.683567523,2.97985349729,26.8186814756,27,0
unaltered_nonzero_primary,racket,5,BD,6,73.1707336729,218.156722656,2.98147512954,26.8332761659,27,0
unaltered_nonzero_primary,racket,5,BD,7,72.377006402,216.655589411,2.99343120394,26.9408808354,27,0
unaltered_nonzero_primary,racket,5,BD,8,71.6606509039,211.257448547,2.94802581169,26.5322323052,27,0
unaltered_nonzero_primary,racket,5,BD,9,73.143318805,216.200485419,2.95584735491,26.6026261942,27,0
unaltered_nonzero_primary,racket,5,BD,10,73.2540665151,214.812419874,2.93242996729,26.3918697056,27,0
unaltered_nonzero_primary,racket,5,BD,11,66.5309939527,212.810784813,3.19867135855,28.788042227,29,0
unaltered_nonzero_primary,racket,5,BD,12,73.7074880679,209.898786062,2.84772675835,25.6295408252,26,0
unaltered_nonzero_primary,racket,5,BD,13,75.1005943682,203.967087406,2.71591841745,24.443265757,25,0
unaltered_nonzero_primary,racket,5,BD,14,70.0537036352,213.135590871,3.04245999584,27.3821399626,28,0
unaltered_nonzero_primary,racket,5,BD,15,74.2863503768,213.338531294,2.87184025345,25.846562281,26,0
unaltered_nonzero_primary,racket,5,BD,16,74.8425519654,213.323026405,2.85029065423,25.652615888,26,0
unaltered_nonzero_primary,racket,5,BD,17,74.966344815,211.310809386,2.81874232908,25.3686809617,26,0
unaltered_nonzero_primary,racket,5,BD,18,73.3177636721,190.457937556,2.597705222,23.379346998,24,0
unaltered_nonzero_primary,racket,5,BD,19,72.9573790638,214.365504405,2.93822923953,26.4440631558,27,0
unaltered_nonzero_primary,racket,5,BD,20,74.4428577369,217.709639953,2.92452018328,26.3206816495,27,0
unaltered_nonzero_primary,racket,5,BD,21,72.9654127737,216.857363251,2.97205696517,26.7485126865,27,0
unaltered_nonzero_primary,racket,5,BD,22,67.6292081395,215.64914006,3.18869828574,28.6982845717,29,0
unaltered_nonzero_primary,racket,5,BD,23,74.4791098086,212.664969491,2.85536400795,25.6982760715,26,0
unaltered_nonzero_primary,racket,5,BD,24,73.3205369907,214.031678024,2.91912316533,26.2721084879,27,0
unaltered_nonzero_primary,racket,5,BD,25,74.5088046247,214.533801156,2.87930805275,25.9137724747,26,0
unaltered_nonzero_primary,racket,5,BD,26,74.4996945339,212.192336283,2.84823095732,25.6340786159,26,0
unaltered_nonzero_primary,racket,5,BD,27,74.4302317872,210.77463914,2.8318417675,25.4865759075,26,0
unaltered_nonzero_primary,racket,5,BD,28,72.7729342955,217.390768104,2.98724752833,26.885227755,27,0
unaltered_nonzero_primary,racket,5,BD,29,73.703063422,208.237121223,2.82535231991,25.4281708792,26,0
unaltered_nonzero_primary,racket,5,BD,30,69.8333621304,219.674770816,3.14569947823,28.3112953041,29,0
unaltered_nonzero_primary,racket,6,BP,1,16.1901834149,18.5604293095,1.14640018793,10.3176016914,11,0
unaltered_nonzero_primary,racket,6,BP,2,16.4741015307,18.2301868201,1.10659672615,9.95937053532,10,0
unaltered_nonzero_primary,racket,6,BP,3,16.7989781552,17.5676838065,1.04575907202,9.41183164821,10,0
unaltered_nonzero_primary,racket,6,BP,4,15.9416962897,18.4715019739,1.15869112284,10.4282201055,11,0
unaltered_nonzero_primary,racket,6,BP,5,16.2134582555,18.1702712747,1.12069066256,10.086215963,11,0
unaltered_nonzero_primary,racket,6,BP,6,16.3343190207,18.356779914,1.12381666421,10.1143499779,11,0
unaltered_nonzero_primary,racket,6,BP,7,16.2019645247,18.258820999,1.12695105406,10.1425594865,11,0
unaltered_nonzero_primary,racket,6,BP,8,15.1596216553,17.6918162385,1.16703547363,10.5033192627,11,0
unaltered_nonzero_primary,racket,6,BP,9,16.7785936435,18.3168101882,1.09167732275,9.82509590472,10,0
unaltered_nonzero_primary,racket,6,BP,10,16.6114261086,18.1121587907,1.09034339811,9.813090583,10,0
unaltered_nonzero_primary,racket,6,BP,11,16.4946168621,18.1678192076,1.10143929741,9.91295367667,10,0
unaltered_nonzero_primary,racket,6,BP,12,16.4937218199,18.5471712537,1.12449885212,10.1204896691,11,0
unaltered_nonzero_primary,racket,6,BP,13,16.714819577,17.9779152902,1.07556741533,9.68010673799,10,0
unaltered_nonzero_primary,racket,6,BP,14,16.8332130411,18.2109926384,1.08184887781,9.73663990027,10,0
unaltered_nonzero_primary,racket,6,BP,15,16.6357397285,17.3580275259,1.04341783469,9.39076051218,10,0
unaltered_nonzero_primary,racket,6,BP,16,16.4172507864,18.2055217448,1.10892633497,9.98033701475,10,0
unaltered_nonzero_primary,racket,6,BP,17,16.7451209018,18.2150497905,1.0877825187,9.7900426683,10,0
unaltered_nonzero_primary,racket,6,BP,18,16.06365104,17.9637712509,1.11828694524,10.0645825072,11,0
unaltered_nonzero_primary,racket,6,BP,19,16.8136718466,18.2657064901,1.08636035345,9.77724318108,10,0
unaltered_nonzero_primary,racket,6,BP,20,16.8490497982,18.4863118657,1.097172368,9.87455131202,10,0
unaltered_nonzero_primary,racket,6,BP,21,16.5877016051,18.2810470666,1.10208439372,9.91875954346,10,0
unaltered_nonzero_primary,racket,6,BP,22,16.6112022621,18.2667727971,1.09966590671,9.89699316038,10,0
unaltered_nonzero_primary,racket,6,BP,23,16.063288643,18.3592498771,1.14293220306,10.2863898276,11,0
unaltered_nonzero_primary,racket,6,BP,24,16.6851402045,18.3193691915,1.09794517558,9.88150658026,10,0
unaltered_nonzero_primary,racket,6,BP,25,16.8237712185,18.5553181921,1.10292264149,9.92630377339,10,0
unaltered_nonzero_primary,racket,6,BP,26,16.5117673408,17.2851627197,1.0468390429,9.4215513861,10,0
unaltered_nonzero_primary,racket,6,BP,27,15.9457601323,17.8907408632,1.12197478921,10.0977731029,11,0
unaltered_nonzero_primary,racket,6,BP,28,15.1952553416,17.8592484448,1.17531742924,10.5778568632,11,0
unaltered_nonzero_primary,racket,6,BP,29,16.6701120653,18.1185171809,1.08688634545,9.78197710904,10,0
unaltered_nonzero_primary,racket,6,BP,30,16.4383347385,18.5455523912,1.12818924095,10.1537031686,11,0
unaltered_nonzero_primary,body_configuration,1,FA,1,1.17851511595,0.680118660248,0.577097952365,5.19388157129,6,0
unaltered_nonzero_primary,body_configuration,1,FA,2,1.16035573687,0.671830639138,0.578986786373,5.21088107736,6,0
unaltered_nonzero_primary,body_configuration,1,FA,3,1.14546623104,0.660076922733,0.576251752209,5.18626576988,6,0
unaltered_nonzero_primary,body_configuration,1,FA,4,1.14044084556,0.670267533266,0.587726698736,5.28954028862,6,0
unaltered_nonzero_primary,body_configuration,1,FA,5,0.921813712516,0.649563444694,0.704658040854,6.34192236768,7,0
unaltered_nonzero_primary,body_configuration,1,FA,6,1.16083991611,0.681414977738,0.587001677218,5.28301509496,6,0
unaltered_nonzero_primary,body_configuration,1,FA,7,1.17340993924,0.674566276869,0.574876907303,5.17389216572,6,0
unaltered_nonzero_primary,body_configuration,1,FA,8,1.17541769516,0.679244831852,0.577875281823,5.20087753641,6,0
unaltered_nonzero_primary,body_configuration,1,FA,9,1.16102969651,0.683053976567,0.58831740361,5.29485663249,6,0
unaltered_nonzero_primary,body_configuration,1,FA,10,1.10253529156,0.674225826459,0.611523124584,5.50370812125,6,0
unaltered_nonzero_primary,body_configuration,1,FA,11,1.17671853968,0.673420886453,0.572287138977,5.1505842508,6,0
unaltered_nonzero_primary,body_configuration,1,FA,12,1.18443290108,0.657620815366,0.555219983139,4.99697984825,5,0
unaltered_nonzero_primary,body_configuration,1,FA,13,1.14825387234,0.669216839227,0.582812612568,5.24531351311,6,0
unaltered_nonzero_primary,body_configuration,1,FA,14,1.18972985649,0.648401494192,0.544998926149,4.90499033534,5,0
unaltered_nonzero_primary,body_configuration,1,FA,15,1.1850272893,0.643241721887,0.542807518184,4.88526766365,5,0
unaltered_nonzero_primary,body_configuration,1,FA,16,1.16780614271,0.670830982366,0.574436935918,5.16993242326,6,0
unaltered_nonzero_primary,body_configuration,1,FA,17,1.13107612557,0.656769253555,0.580658753826,5.22592878443,6,0
unaltered_nonzero_primary,body_configuration,1,FA,18,1.18028833871,0.676374381408,0.57305859867,5.15752738803,6,0
unaltered_nonzero_primary,body_configuration,1,FA,19,1.15413159934,0.601663493537,0.521312728878,4.6918145599,5,0
unaltered_nonzero_primary,body_configuration,1,FA,20,1.15594089446,0.675140127867,0.584061115152,5.25655003637,6,0
unaltered_nonzero_primary,body_configuration,1,FA,21,1.18283467624,0.666453284984,0.563437391859,5.07093652673,6,0
unaltered_nonzero_primary,body_configuration,1,FA,22,1.08909050514,0.663313480204,0.60905267016,5.48147403144,6,0
unaltered_nonzero_primary,body_configuration,1,FA,23,1.19071964507,0.674456342598,0.566427492306,5.09784743076,6,0
unaltered_nonzero_primary,body_configuration,1,FA,24,1.18830237998,0.672658986348,0.56606718768,5.09460468912,6,0
unaltered_nonzero_primary,body_configuration,1,FA,25,1.16235244611,0.673514626806,0.579440968235,5.21496871411,6,0
unaltered_nonzero_primary,body_configuration,1,FA,26,1.19055330906,0.658769537902,0.553330567301,4.97997510571,5,0
unaltered_nonzero_primary,body_configuration,1,FA,27,1.15747676477,0.636372779986,0.549793135686,4.94813822118,5,0
unaltered_nonzero_primary,body_configuration,1,FA,28,1.10206469405,0.658008887715,0.597069202261,5.37362282035,6,0
unaltered_nonzero_primary,body_configuration,1,FA,29,1.18980156818,0.67059613277,0.563620145331,5.07258130798,6,0
unaltered_nonzero_primary,body_configuration,1,FA,30,1.17585636463,0.681500533069,0.579578045047,5.21620240542,6,0
unaltered_nonzero_primary,body_configuration,2,FD,1,4.56388899561,2.90858365709,0.637303768757,5.73573391881,6,0
unaltered_nonzero_primary,body_configuration,2,FD,2,4.80943045088,2.82992642602,0.588411965808,5.29570769227,6,0
unaltered_nonzero_primary,body_configuration,2,FD,3,4.63604949537,2.84020853999,0.612635508492,5.51371957642,6,0
unaltered_nonzero_primary,body_configuration,2,FD,4,4.82639147759,2.33210647117,0.483198779461,4.34878901515,5,0
unaltered_nonzero_primary,body_configuration,2,FD,5,4.74032608313,2.84456270325,0.600077432093,5.40069688884,6,0
unaltered_nonzero_primary,body_configuration,2,FD,6,4.7179335124,2.86435711992,0.607121128856,5.4640901597,6,0
unaltered_nonzero_primary,body_configuration,2,FD,7,4.73281543918,2.85296691822,0.602805445276,5.42524900748,6,0
unaltered_nonzero_primary,body_configuration,2,FD,8,4.77549637307,2.86888001799,0.60075011975,5.40675107775,6,0
unaltered_nonzero_primary,body_configuration,2,FD,9,4.80641623133,2.88717899148,0.600692668408,5.40623401567,6,0
unaltered_nonzero_primary,body_configuration,2,FD,10,4.62112654423,2.83096239099,0.612613042273,5.51351738045,6,0
unaltered_nonzero_primary,body_configuration,2,FD,11,4.47831970472,2.73044405572,0.609702798316,5.48732518484,6,0
unaltered_nonzero_primary,body_configuration,2,FD,12,4.83389501712,2.78683541588,0.576519640168,5.18867676151,6,0
unaltered_nonzero_primary,body_configuration,2,FD,13,4.64757794424,2.76216284404,0.594323081222,5.34890773099,6,0
unaltered_nonzero_primary,body_configuration,2,FD,14,4.74378823926,2.84768089744,0.600296799481,5.40267119533,6,0
unaltered_nonzero_primary,body_configuration,2,FD,15,4.77830004091,2.78597365413,0.583047031429,5.24742328286,6,0
unaltered_nonzero_primary,body_configuration,2,FD,16,4.76390900475,2.83604077963,0.595317999735,5.35786199762,6,0
unaltered_nonzero_primary,body_configuration,2,FD,17,4.74467688839,2.84836020697,0.600327540521,5.40294786468,6,0
unaltered_nonzero_primary,body_configuration,2,FD,18,4.49678602891,2.78383258533,0.619071614133,5.5716445272,6,0
unaltered_nonzero_primary,body_configuration,2,FD,19,4.55154065872,2.81956256237,0.619474321725,5.57526889553,6,0
unaltered_nonzero_primary,body_configuration,2,FD,20,4.58578959284,2.85039989012,0.621572323023,5.59415090721,6,0
unaltered_nonzero_primary,body_configuration,2,FD,21,4.80443364538,2.83112095074,0.589272567739,5.30345310965,6,0
unaltered_nonzero_primary,body_configuration,2,FD,22,4.71942638595,2.87637244575,0.609475010421,5.48527509379,6,0
unaltered_nonzero_primary,body_configuration,2,FD,23,4.61830712507,2.84247636075,0.615480149712,5.5393213474,6,0
unaltered_nonzero_primary,body_configuration,2,FD,24,4.77538925356,2.84597884675,0.595967929657,5.36371136691,6,0
unaltered_nonzero_primary,body_configuration,2,FD,25,4.58619541759,2.87732325548,0.62738784406,5.64649059654,6,0
unaltered_nonzero_primary,body_configuration,2,FD,26,4.73007106492,2.84634679277,0.60175560868,5.41580047812,6,0
unaltered_nonzero_primary,body_configuration,2,FD,27,4.66121101793,2.83781705099,0.608815400133,5.4793386012,6,0
unaltered_nonzero_primary,body_configuration,2,FD,28,4.72152047115,2.86117135349,0.605985163249,5.45386646925,6,0
unaltered_nonzero_primary,body_configuration,2,FD,29,4.57488570942,2.87271530011,0.627931599296,5.65138439367,6,0
unaltered_nonzero_primary,body_configuration,2,FD,30,4.56489147597,2.90516318865,0.636414513674,5.72773062306,6,0
unaltered_nonzero_primary,body_configuration,3,FP,1,1.42177067764,0.53212686534,0.374270530199,3.36843477179,4,0
unaltered_nonzero_primary,body_configuration,3,FP,2,1.47371758565,0.520307215889,0.353057614943,3.17751853448,4,0
unaltered_nonzero_primary,body_configuration,3,FP,3,1.47730419793,0.533205793127,0.360931617114,3.24838455402,4,0
unaltered_nonzero_primary,body_configuration,3,FP,4,1.44982182091,0.535733278811,0.369516633758,3.32564970382,4,0
unaltered_nonzero_primary,body_configuration,3,FP,5,1.34317614995,0.534513064141,0.397947107801,3.58152397021,4,0
unaltered_nonzero_primary,body_configuration,3,FP,6,1.46486650097,0.523643561428,0.357468452641,3.21721607377,4,0
unaltered_nonzero_primary,body_configuration,3,FP,7,1.45668739557,0.537996076231,0.369328435098,3.32395591588,4,0
unaltered_nonzero_primary,body_configuration,3,FP,8,1.44824914395,0.531203255152,0.366789966609,3.30110969948,4,0
unaltered_nonzero_primary,body_configuration,3,FP,9,1.47061000394,0.533962853379,0.363089365602,3.26780429042,4,0
unaltered_nonzero_primary,body_configuration,3,FP,10,1.4156681129,0.518812277362,0.366478747832,3.29830873049,4,0
unaltered_nonzero_primary,body_configuration,3,FP,11,1.41473352235,0.515450238523,0.364344401527,3.27909961374,4,0
unaltered_nonzero_primary,body_configuration,3,FP,12,1.45461989376,0.531518708297,0.365400411873,3.28860370685,4,0
unaltered_nonzero_primary,body_configuration,3,FP,13,1.46494314276,0.523394382547,0.357279656302,3.21551690672,4,0
unaltered_nonzero_primary,body_configuration,3,FP,14,1.46183552342,0.52870316178,0.361670757969,3.25503682172,4,0
unaltered_nonzero_primary,body_configuration,3,FP,15,1.4062908278,0.507744395882,0.36105219905,3.24946979145,4,0
unaltered_nonzero_primary,body_configuration,3,FP,16,1.43996906613,0.526140490603,0.365383189805,3.28844870824,4,0
unaltered_nonzero_primary,body_configuration,3,FP,17,1.46636326694,0.487058170713,0.332153826882,2.98938444194,3,0
unaltered_nonzero_primary,body_configuration,3,FP,18,1.39034824965,0.521364911918,0.374988721026,3.37489848924,4,0
unaltered_nonzero_primary,body_configuration,3,FP,19,1.46446725028,0.504429992486,0.344446072378,3.1000146514,4,0
unaltered_nonzero_primary,body_configuration,3,FP,20,1.3854202609,0.529096594296,0.38190331788,3.43712986092,4,0
unaltered_nonzero_primary,body_configuration,3,FP,21,1.47159754982,0.514237071116,0.349441374906,3.14497237415,4,0
unaltered_nonzero_primary,body_configuration,3,FP,22,1.41803450419,0.532422857954,0.375465375757,3.37918838182,4,0
unaltered_nonzero_primary,body_configuration,3,FP,23,1.4594704125,0.53071460774,0.363635057755,3.27271551979,4,0
unaltered_nonzero_primary,body_configuration,3,FP,24,1.43846673106,0.528921029739,0.367697784258,3.30928005832,4,0
unaltered_nonzero_primary,body_configuration,3,FP,25,1.45277736922,0.5318521621,0.36609336941,3.29484032469,4,0
unaltered_nonzero_primary,body_configuration,3,FP,26,1.34195001218,0.519080290278,0.386810451631,3.48129406468,4,0
unaltered_nonzero_primary,body_configuration,3,FP,27,1.42576778334,0.532764576052,0.373668547066,3.36301692359,4,0
unaltered_nonzero_primary,body_configuration,3,FP,28,1.29635084353,0.522821605078,0.403302553232,3.62972297908,4,0
unaltered_nonzero_primary,body_configuration,3,FP,29,1.45840059662,0.521615421276,0.3576626494,3.2189638446,4,0
unaltered_nonzero_primary,body_configuration,3,FP,30,1.4168443806,0.535242502164,0.377770847309,3.39993762578,4,0
unaltered_nonzero_primary,body_configuration,4,BA,1,0.643086040804,0.465400324867,0.723698378346,6.51328540512,7,0
unaltered_nonzero_primary,body_configuration,4,BA,2,0.641304521792,0.463765124375,0.723158980821,6.50843082739,7,0
unaltered_nonzero_primary,body_configuration,4,BA,3,0.63765521433,0.468889760724,0.735334315766,6.61800884189,7,0
unaltered_nonzero_primary,body_configuration,4,BA,4,0.651460018427,0.459931072691,0.706000460016,6.35400414014,7,0
unaltered_nonzero_primary,body_configuration,4,BA,5,0.656184599038,0.460888440416,0.702376192754,6.32138573479,7,0
unaltered_nonzero_primary,body_configuration,4,BA,6,0.658805243561,0.465834892745,0.707090444859,6.36381400373,7,0
unaltered_nonzero_primary,body_configuration,4,BA,7,0.650309784901,0.464405005152,0.714128890468,6.42716001421,7,0
unaltered_nonzero_primary,body_configuration,4,BA,8,0.661158601071,0.466037924228,0.704880679874,6.34392611887,7,0
unaltered_nonzero_primary,body_configuration,4,BA,9,0.661396729666,0.457343904974,0.691481956986,6.22333761288,7,0
unaltered_nonzero_primary,body_configuration,4,BA,10,0.645196885298,0.4490641111,0.69601097174,6.26409874566,7,0
unaltered_nonzero_primary,body_configuration,4,BA,11,0.660849411442,0.453362592396,0.68603010693,6.17427096237,7,0
unaltered_nonzero_primary,body_configuration,4,BA,12,0.654634064783,0.459214123198,0.701482168286,6.31333951458,7,0
unaltered_nonzero_primary,body_configuration,4,BA,13,0.600006214783,0.452660869995,0.754426968992,6.78984272092,7,0
unaltered_nonzero_primary,body_configuration,4,BA,14,0.662094596789,0.456018883025,0.688751856964,6.19876671268,7,0
unaltered_nonzero_primary,body_configuration,4,BA,15,0.666016848254,0.454745703883,0.682784084329,6.14505675896,7,0
unaltered_nonzero_primary,body_configuration,4,BA,16,0.635142286984,0.463883112386,0.730360931546,6.57324838391,7,0
unaltered_nonzero_primary,body_configuration,4,BA,17,0.653244280855,0.448719805693,0.686909658215,6.18218692393,7,0
unaltered_nonzero_primary,body_configuration,4,BA,18,0.641246231892,0.456176409899,0.711390394534,6.40251355081,7,0
unaltered_nonzero_primary,body_configuration,4,BA,19,0.646287834138,0.460870481832,0.71310406523,6.41793658707,7,0
unaltered_nonzero_primary,body_configuration,4,BA,20,0.650394149002,0.466136513513,0.716698503867,6.4502865348,7,0
unaltered_nonzero_primary,body_configuration,4,BA,21,0.662659253613,0.454593715711,0.686014287483,6.17412858735,7,0
unaltered_nonzero_primary,body_configuration,4,BA,22,0.663176065475,0.463243894142,0.698523240295,6.28670916265,7,0
unaltered_nonzero_primary,body_configuration,4,BA,23,0.659180839555,0.445858342337,0.676382436477,6.08744192829,7,0
unaltered_nonzero_primary,body_configuration,4,BA,24,0.658149150577,0.460163036394,0.699177437197,6.29259693477,7,0
unaltered_nonzero_primary,body_configuration,4,BA,25,0.657449515797,0.463433517412,0.704895974941,6.34406377447,7,0
unaltered_nonzero_primary,body_configuration,4,BA,26,0.587132565663,0.432851545266,0.737229665974,6.63506699377,7,0
unaltered_nonzero_primary,body_configuration,4,BA,27,0.587186283991,0.452836750275,0.771197765718,6.94077989146,7,0
unaltered_nonzero_primary,body_configuration,4,BA,28,0.660459003515,0.457409150259,0.692562517619,6.23306265857,7,0
unaltered_nonzero_primary,body_configuration,4,BA,29,0.662898408514,0.452664340591,0.682856278998,6.14570651098,7,0
unaltered_nonzero_primary,body_configuration,4,BA,30,0.659230512133,0.466583988913,0.707770620936,6.36993558843,7,0
unaltered_nonzero_primary,body_configuration,5,BD,1,1.39912032797,1.27379738053,0.910427327128,8.19384594415,9,0
unaltered_nonzero_primary,body_configuration,5,BD,2,1.44031325033,1.23710853119,0.858916302342,7.73024672108,8,0
unaltered_nonzero_primary,body_configuration,5,BD,3,1.34563165828,1.20645118347,0.896568667991,8.06911801192,9,0
unaltered_nonzero_primary,body_configuration,5,BD,4,1.34343353943,1.24142020923,0.924065220044,8.3165869804,9,0
unaltered_nonzero_primary,body_configuration,5,BD,5,1.42480392638,1.25651413927,0.881885651781,7.93697086603,8,0
unaltered_nonzero_primary,body_configuration,5,BD,6,1.43589390056,1.26222397146,0.879051001589,7.9114590143,8,0
unaltered_nonzero_primary,body_configuration,5,BD,7,1.42595896373,1.24836223543,0.875454530731,7.87909077658,8,0
unaltered_nonzero_primary,body_configuration,5,BD,8,1.40707824899,1.2166325964,0.864651697427,7.78186527684,8,0
unaltered_nonzero_primary,body_configuration,5,BD,9,1.44743540898,1.26216332679,0.871999758301,7.84799782471,8,0
unaltered_nonzero_primary,body_configuration,5,BD,10,1.41561055522,1.22814238928,0.867570805226,7.80813724704,8,0
unaltered_nonzero_primary,body_configuration,5,BD,11,1.32158019508,1.2325758922,0.932653119947,8.39387807952,9,0
unaltered_nonzero_primary,body_configuration,5,BD,12,1.43529818293,1.23351852751,0.859416212035,7.73474590831,8,0
unaltered_nonzero_primary,body_configuration,5,BD,13,1.45788762503,1.23965473573,0.850308840298,7.65277956268,8,0
unaltered_nonzero_primary,body_configuration,5,BD,14,1.37011843543,1.21470759257,0.886571234401,7.9791411096,8,0
unaltered_nonzero_primary,body_configuration,5,BD,15,1.44695139448,1.23582071997,0.85408585574,7.68677270166,8,0
unaltered_nonzero_primary,body_configuration,5,BD,16,1.42749146067,1.22835465244,0.860498774444,7.74448897,8,0
unaltered_nonzero_primary,body_configuration,5,BD,17,1.4467411706,1.22716352533,0.848226033977,7.63403430579,8,0
unaltered_nonzero_primary,body_configuration,5,BD,18,1.38410047843,1.18166659477,0.853743361255,7.68369025129,8,0
unaltered_nonzero_primary,body_configuration,5,BD,19,1.3053546341,1.18989204211,0.911546955158,8.20392259642,9,0
unaltered_nonzero_primary,body_configuration,5,BD,20,1.40795203811,1.24417610947,0.883677906489,7.9531011584,8,0
unaltered_nonzero_primary,body_configuration,5,BD,21,1.43935312021,1.2420202167,0.862901673855,7.7661150647,8,0
unaltered_nonzero_primary,body_configuration,5,BD,22,1.36591788388,1.24236176357,0.909543522509,8.18589170258,9,0
unaltered_nonzero_primary,body_configuration,5,BD,23,1.44607445731,1.24332154378,0.859790820244,7.7381173822,8,0
unaltered_nonzero_primary,body_configuration,5,BD,24,1.44835383808,1.25389976536,0.865741321215,7.79167189093,8,0
unaltered_nonzero_primary,body_configuration,5,BD,25,1.44842970022,1.25054171678,0.863377571306,7.77039814175,8,0
unaltered_nonzero_primary,body_configuration,5,BD,26,1.44744831939,1.24632265442,0.861048120147,7.74943308132,8,0
unaltered_nonzero_primary,body_configuration,5,BD,27,1.4187277801,1.24064734919,0.874478787679,7.87030908912,8,0
unaltered_nonzero_primary,body_configuration,5,BD,28,1.40227463561,1.2643322214,0.901629530549,8.11466577494,9,0
unaltered_nonzero_primary,body_configuration,5,BD,29,1.43472201891,1.24605068474,0.868496244092,7.81646619683,8,0
unaltered_nonzero_primary,body_configuration,5,BD,30,1.36709055191,1.27486279717,0.932537201274,8.39283481146,9,0
unaltered_nonzero_primary,body_configuration,6,BP,1,1.04137123022,0.430423281572,0.413323576725,3.71991219052,4,0
unaltered_nonzero_primary,body_configuration,6,BP,2,1.08753627168,0.432434952882,0.397628073789,3.5786526641,4,0
unaltered_nonzero_primary,body_configuration,6,BP,3,1.13215682641,0.428848174522,0.378788666481,3.40909799833,4,0
unaltered_nonzero_primary,body_configuration,6,BP,4,1.10870740826,0.436118786071,0.393357871355,3.5402208422,4,0
unaltered_nonzero_primary,body_configuration,6,BP,5,1.0518289044,0.427671164511,0.406597653593,3.65937888234,4,0
unaltered_nonzero_primary,body_configuration,6,BP,6,1.04348322557,0.432982264927,0.414939363006,3.73445426706,4,0
unaltered_nonzero_primary,body_configuration,6,BP,7,1.10811235496,0.43221921804,0.390049994575,3.51044995118,4,0
unaltered_nonzero_primary,body_configuration,6,BP,8,1.11031418691,0.433413229914,0.390351879697,3.51316691727,4,0
unaltered_nonzero_primary,body_configuration,6,BP,9,1.12481499369,0.426212203324,0.378917604862,3.41025844376,4,0
unaltered_nonzero_primary,body_configuration,6,BP,10,1.10727247692,0.424053862893,0.382971555541,3.44674399987,4,0
unaltered_nonzero_primary,body_configuration,6,BP,11,1.12328777807,0.430195723575,0.382979083342,3.44681175008,4,0
unaltered_nonzero_primary,body_configuration,6,BP,12,1.0963766394,0.430398839166,0.39256476625,3.53308289625,4,0
unaltered_nonzero_primary,body_configuration,6,BP,13,1.13340514306,0.424384405164,0.374433103433,3.3698979309,4,0
unaltered_nonzero_primary,body_configuration,6,BP,14,1.12416226986,0.428419068803,0.381100736334,3.42990662701,4,0
unaltered_nonzero_primary,body_configuration,6,BP,15,1.13920426327,0.422163783363,0.37057777694,3.33519999246,4,0
unaltered_nonzero_primary,body_configuration,6,BP,16,1.09792041613,0.430806917806,0.392384467469,3.53146020722,4,0
unaltered_nonzero_primary,body_configuration,6,BP,17,1.1335018442,0.406179883701,0.358340734759,3.22506661284,4,0
unaltered_nonzero_primary,body_configuration,6,BP,18,1.10382129631,0.398110409732,0.360665635879,3.24599072291,4,0
unaltered_nonzero_primary,body_configuration,6,BP,19,1.10723432429,0.423864325181,0.382813570609,3.44532213548,4,0
unaltered_nonzero_primary,body_configuration,6,BP,20,1.11991829986,0.434191885832,0.387699607985,3.48929647186,4,0
unaltered_nonzero_primary,body_configuration,6,BP,21,1.11597274821,0.428397866624,0.383878430105,3.45490587094,4,0
unaltered_nonzero_primary,body_configuration,6,BP,22,1.06937231377,0.428714779101,0.400903196744,3.6081287707,4,0
unaltered_nonzero_primary,body_configuration,6,BP,23,1.09158550488,0.432495816313,0.396208830531,3.56587947478,4,0
unaltered_nonzero_primary,body_configuration,6,BP,24,1.11623479698,0.421657455015,0.377749785401,3.39974806861,4,0
unaltered_nonzero_primary,body_configuration,6,BP,25,1.11020851497,0.431261318314,0.388450739206,3.49605665285,4,0
unaltered_nonzero_primary,body_configuration,6,BP,26,1.13548143176,0.411710165265,0.362586435806,3.26327792226,4,0
unaltered_nonzero_primary,body_configuration,6,BP,27,1.0777225965,0.417973622313,0.387830433982,3.49047390584,4,0
unaltered_nonzero_primary,body_configuration,6,BP,28,1.03396246288,0.425899523946,0.411910044352,3.70719039917,4,0
unaltered_nonzero_primary,body_configuration,6,BP,29,1.11873613805,0.418355577981,0.373953753481,3.36558378133,4,0
unaltered_nonzero_primary,body_configuration,6,BP,30,1.07172966413,0.42605232149,0.397537117569,3.57783405812,4,0
hampel_type_local_high_value,racket,1,FA,1,56.6394495424,36.1689722479,0.638582693513,5.74724424162,6,0
hampel_type_local_high_value,racket,1,FA,2,55.5039057884,35.3240893416,0.636425290074,5.72782761067,6,0
hampel_type_local_high_value,racket,1,FA,3,49.6561423459,36.649333513,0.738062438635,6.64256194772,7,0
hampel_type_local_high_value,racket,1,FA,4,56.5529114096,35.5254711974,0.628181119449,5.65363007504,6,0
hampel_type_local_high_value,racket,1,FA,5,49.7256867454,35.0482272912,0.704831437938,6.34348294144,7,0
hampel_type_local_high_value,racket,1,FA,6,57.1352641559,36.2894411247,0.63514961663,5.71634654967,6,0
hampel_type_local_high_value,racket,1,FA,7,57.8017183003,35.9621288189,0.622163663579,5.59947297221,6,0
hampel_type_local_high_value,racket,1,FA,8,57.9193747687,36.0714720827,0.622787663485,5.60508897137,6,0
hampel_type_local_high_value,racket,1,FA,9,57.6111527253,36.3526007137,0.630999363736,5.67899427362,6,0
hampel_type_local_high_value,racket,1,FA,10,52.8898619996,35.76867337,0.676286002983,6.08657402685,7,0
hampel_type_local_high_value,racket,1,FA,11,57.6733661765,35.4946837631,0.615443247313,5.53898922582,6,0
hampel_type_local_high_value,racket,1,FA,12,57.8288049645,34.6174694262,0.598619830505,5.38757847455,6,0
hampel_type_local_high_value,racket,1,FA,13,56.2053527735,35.0888433997,0.624297182887,5.61867464599,6,0
hampel_type_local_high_value,racket,1,FA,14,58.2118923712,34.4614483182,0.592000138021,5.32800124219,6,0
hampel_type_local_high_value,racket,1,FA,15,57.7506520596,33.5412517987,0.580794339155,5.2271490524,6,0
hampel_type_local_high_value,racket,1,FA,16,57.8831002167,35.1395313379,0.607077561609,5.46369805448,6,0
hampel_type_local_high_value,racket,1,FA,17,56.3762692234,35.2613146708,0.625463783903,5.62917405513,6,0
hampel_type_local_high_value,racket,1,FA,18,57.7605260386,35.4105779528,0.613058439411,5.5175259547,6,0
hampel_type_local_high_value,racket,1,FA,19,56.5541395799,35.0499721729,0.619759622077,5.5778365987,6,0
hampel_type_local_high_value,racket,1,FA,20,57.3470452995,35.8815523129,0.625691386985,5.63122248286,6,0
hampel_type_local_high_value,racket,1,FA,21,57.9672065822,35.4829551165,0.612121183832,5.50909065449,6,0
hampel_type_local_high_value,racket,1,FA,22,53.4618397762,35.2322273839,0.65901636628,5.93114729652,6,0
hampel_type_local_high_value,racket,1,FA,23,58.2080261004,36.0878926518,0.619981385206,5.57983246685,6,0
hampel_type_local_high_value,racket,1,FA,24,57.7193683515,35.2280865297,0.610333888535,5.49300499682,6,0
hampel_type_local_high_value,racket,1,FA,25,57.0397915011,35.8397163701,0.628328320055,5.65495488049,6,0
hampel_type_local_high_value,racket,1,FA,26,58.246687105,35.0281375613,0.601375619838,5.41238057854,6,0
hampel_type_local_high_value,racket,1,FA,27,57.627419131,33.6038866082,0.583123227015,5.24810904313,6,0
hampel_type_local_high_value,racket,1,FA,28,56.2952824926,35.285146376,0.626786913816,5.64108222435,6,0
hampel_type_local_high_value,racket,1,FA,29,58.1306616184,35.6998368824,0.614130923139,5.52717830825,6,0
hampel_type_local_high_value,racket,1,FA,30,56.3379012829,36.244325614,0.643338228592,5.79004405733,6,0
hampel_type_local_high_value,racket,2,FD,1,186.367103811,133.061226411,0.713973784483,6.42576406034,7,0
hampel_type_local_high_value,racket,2,FD,2,186.403489576,128.590496425,0.689850263625,6.20865237263,7,0
hampel_type_local_high_value,racket,2,FD,3,179.18260476,128.509925701,0.71720090169,6.45480811521,7,0
hampel_type_local_high_value,racket,2,FD,4,188.393131042,127.771334581,0.678216524534,6.10394872081,7,0
hampel_type_local_high_value,racket,2,FD,5,183.665456829,130.229094699,0.709056002952,6.38150402657,7,0
hampel_type_local_high_value,racket,2,FD,6,183.378444079,131.015714417,0.714455371649,6.43009834485,7,0
hampel_type_local_high_value,racket,2,FD,7,182.866674487,130.488096512,0.713569582201,6.42212623981,7,0
hampel_type_local_high_value,racket,2,FD,8,184.446194308,130.650487294,0.708339295283,6.37505365755,7,0
hampel_type_local_high_value,racket,2,FD,9,186.075807459,131.149411337,0.704817101845,6.3433539166,7,0
hampel_type_local_high_value,racket,2,FD,10,175.038315149,127.850466011,0.730414171906,6.57372754715,7,0
hampel_type_local_high_value,racket,2,FD,11,180.077696505,125.785793941,0.698508457085,6.28657611376,7,0
hampel_type_local_high_value,racket,2,FD,12,188.188358723,125.070234227,0.664601333876,5.98141200489,6,0
hampel_type_local_high_value,racket,2,FD,13,183.676198216,123.999685032,0.675099366367,6.0758942973,7,0
hampel_type_local_high_value,racket,2,FD,14,184.33240128,129.397008689,0.701976471797,6.31778824617,7,0
hampel_type_local_high_value,racket,2,FD,15,186.403619099,126.524379571,0.678765681602,6.10889113442,7,0
hampel_type_local_high_value,racket,2,FD,16,188.454194066,127.29325118,0.675459900543,6.07913910488,7,0
hampel_type_local_high_value,racket,2,FD,17,188.008780606,129.401671319,0.68827461623,6.19447154607,7,0
hampel_type_local_high_value,racket,2,FD,18,172.291185362,125.369216455,0.727658911812,6.54893020631,7,0
hampel_type_local_high_value,racket,2,FD,19,173.720917489,129.523833876,0.745585711543,6.71027140389,7,0
hampel_type_local_high_value,racket,2,FD,20,179.72852157,130.782167109,0.727665069333,6.548985624,7,0
hampel_type_local_high_value,racket,2,FD,21,188.12725824,129.940305169,0.690704294448,6.21633865003,7,0
hampel_type_local_high_value,racket,2,FD,22,182.9119418,131.612460339,0.719540009493,6.47586008543,7,0
hampel_type_local_high_value,racket,2,FD,23,179.163562736,129.575933995,0.723227044698,6.50904340228,7,0
hampel_type_local_high_value,racket,2,FD,24,185.854145001,128.936391814,0.693750423552,6.24375381197,7,0
hampel_type_local_high_value,racket,2,FD,25,176.929958035,131.340681644,0.742331502835,6.68098352552,7,0
hampel_type_local_high_value,racket,2,FD,26,184.066153212,129.94609568,0.705974962873,6.35377466586,7,0
hampel_type_local_high_value,racket,2,FD,27,184.100929418,129.898079676,0.705580792489,6.3502271324,7,0
hampel_type_local_high_value,racket,2,FD,28,185.880523552,131.200576331,0.705832831887,6.35249548698,7,0
hampel_type_local_high_value,racket,2,FD,29,172.988199713,131.091383353,0.757805350711,6.8202481564,7,0
hampel_type_local_high_value,racket,2,FD,30,185.798122671,132.643709546,0.713913077481,6.42521769733,7,0
hampel_type_local_high_value,racket,3,FP,1,17.5387349908,14.8610704291,0.847328523801,7.62595671421,8,0
hampel_type_local_high_value,racket,3,FP,2,17.3979421342,14.3463764536,0.824601918028,7.42141726225,8,0
hampel_type_local_high_value,racket,3,FP,3,17.8015435297,14.7011279202,0.825834450572,7.43251005515,8,0
hampel_type_local_high_value,racket,3,FP,4,17.5956242471,14.842392886,0.843527497378,7.5917474764,8,0
hampel_type_local_high_value,racket,3,FP,5,16.6588308117,14.3047811768,0.8586905851,7.7282152659,8,0
hampel_type_local_high_value,racket,3,FP,6,17.2857098856,14.2392905486,0.823760819939,7.41384737945,8,0
hampel_type_local_high_value,racket,3,FP,7,17.6443801179,14.6686851207,0.831351683808,7.48216515427,8,0
hampel_type_local_high_value,racket,3,FP,8,16.9685701042,14.4548724531,0.851861551348,7.66675396213,8,0
hampel_type_local_high_value,racket,3,FP,9,17.695983895,14.8072452004,0.836757384516,7.53081646064,8,0
hampel_type_local_high_value,racket,3,FP,10,17.6020497568,14.6545054149,0.832545392007,7.49290852806,8,0
hampel_type_local_high_value,racket,3,FP,11,16.9000465934,14.4258133719,0.853596071006,7.68236463905,8,0
hampel_type_local_high_value,racket,3,FP,12,17.6705306435,14.8762438034,0.841867406447,7.57680665803,8,0
hampel_type_local_high_value,racket,3,FP,13,17.7987497521,14.6355582725,0.822280130704,7.40052117634,8,0
hampel_type_local_high_value,racket,3,FP,14,17.387958952,14.6231085893,0.84099051704,7.56891465336,8,0
hampel_type_local_high_value,racket,3,FP,15,17.9080939248,14.0901083795,0.786801121254,7.08121009129,8,0
hampel_type_local_high_value,racket,3,FP,16,17.8648052726,14.3086368352,0.800939983212,7.20845984891,8,0
hampel_type_local_high_value,racket,3,FP,17,17.8505611109,14.6690140351,0.821767671281,7.39590904153,8,0
hampel_type_local_high_value,racket,3,FP,18,17.7396854541,14.8635588164,0.837870482815,7.54083434533,8,0
hampel_type_local_high_value,racket,3,FP,19,17.56462466,14.3052557145,0.814435605167,7.3299204465,8,0
hampel_type_local_high_value,racket,3,FP,20,17.7956614247,14.7780347124,0.830429078174,7.47386170356,8,0
hampel_type_local_high_value,racket,3,FP,21,17.9011048172,14.1307598608,0.789379203409,7.10441283068,8,0
hampel_type_local_high_value,racket,3,FP,22,17.3328940058,14.8012646772,0.853940759818,7.68546683836,8,0
hampel_type_local_high_value,racket,3,FP,23,17.2799384295,14.7087976204,0.851206598934,7.6608593904,8,0
hampel_type_local_high_value,racket,3,FP,24,17.9800577452,14.7497500479,0.820339414753,7.38305473278,8,0
hampel_type_local_high_value,racket,3,FP,25,17.8643014721,14.929346576,0.835708387445,7.521375487,8,0
hampel_type_local_high_value,racket,3,FP,26,17.6075797328,14.2704528965,0.810472143987,7.29424929588,8,0
hampel_type_local_high_value,racket,3,FP,27,15.4339661739,15.0704144881,0.976444701142,8.78800231027,9,0
hampel_type_local_high_value,racket,3,FP,28,16.8917230827,14.3139516855,0.847394408221,7.62654967399,8,0
hampel_type_local_high_value,racket,3,FP,29,17.8090226723,14.2159748105,0.798245646157,7.18421081541,8,0
hampel_type_local_high_value,racket,3,FP,30,17.3736034318,14.9639439013,0.861303411238,7.75173070114,8,0
hampel_type_local_high_value,racket,4,BA,1,26.4352136444,48.4625676867,1.83325802994,16.4993222695,17,0
hampel_type_local_high_value,racket,4,BA,2,26.7725690867,46.9700429219,1.75440925261,15.7896832735,16,0
hampel_type_local_high_value,racket,4,BA,3,22.9386206083,46.7266344634,2.0370289592,18.3332606328,19,0
hampel_type_local_high_value,racket,4,BA,4,26.4654335565,47.2936161917,1.7869957086,16.0829613774,17,0
hampel_type_local_high_value,racket,4,BA,5,26.1311331134,47.5265322633,1.81877043207,16.3689338887,17,0
hampel_type_local_high_value,racket,4,BA,6,26.4510641378,48.4042947799,1.82995642548,16.4696078293,17,0
hampel_type_local_high_value,racket,4,BA,7,26.6916938468,48.1469079548,1.80381613213,16.2343451892,17,0
hampel_type_local_high_value,racket,4,BA,8,26.6699123415,48.1445221301,1.80519986394,16.2467987754,17,0
hampel_type_local_high_value,racket,4,BA,9,26.7764598519,48.1338581743,1.79761844697,16.1785660227,17,0
hampel_type_local_high_value,racket,4,BA,10,25.7480390499,45.7304630928,1.77607556848,15.9846801163,16,0
hampel_type_local_high_value,racket,4,BA,11,26.4880348724,47.2863036088,1.78519485634,16.0667537071,17,0
hampel_type_local_high_value,racket,4,BA,12,26.4273309767,46.6982324901,1.76704308624,15.9033877761,16,0
hampel_type_local_high_value,racket,4,BA,13,24.5515087813,45.9610772329,1.87202658876,16.8482392989,17,0
hampel_type_local_high_value,racket,4,BA,14,26.4429257599,47.3444245821,1.79043820687,16.1139438619,17,0
hampel_type_local_high_value,racket,4,BA,15,26.9185599136,46.2073343457,1.71656041386,15.4490437247,16,0
hampel_type_local_high_value,racket,4,BA,16,26.7606439446,47.0535755293,1.7583125289,15.8248127601,16,0
hampel_type_local_high_value,racket,4,BA,17,27.0396717899,43.4841969821,1.60816289931,14.4734660938,15,0
hampel_type_local_high_value,racket,4,BA,18,24.3233468309,46.9208062169,1.92904399806,17.3613959825,18,0
hampel_type_local_high_value,racket,4,BA,19,25.6721779136,47.3595392891,1.84478073689,16.603026632,17,0
hampel_type_local_high_value,racket,4,BA,20,26.5275966349,48.2697141247,1.81960374281,16.3764336853,17,0
hampel_type_local_high_value,racket,4,BA,21,26.6988277332,47.8249562959,1.79127551119,16.1214796007,17,0
hampel_type_local_high_value,racket,4,BA,22,26.8972219613,47.320187563,1.75929646679,15.8336682011,16,0
hampel_type_local_high_value,racket,4,BA,23,26.1992201298,47.8550865197,1.82658439001,16.4392595101,17,0
hampel_type_local_high_value,racket,4,BA,24,26.5273992851,46.5521619918,1.7548709352,15.7938384168,16,0
hampel_type_local_high_value,racket,4,BA,25,25.8268905883,47.4200902687,1.83607430815,16.5246687734,17,0
hampel_type_local_high_value,racket,4,BA,26,26.4430463233,46.9111537943,1.77404498789,15.966404891,16,0
hampel_type_local_high_value,racket,4,BA,27,25.0111048009,47.247574257,1.88906386316,17.0015747684,18,0
hampel_type_local_high_value,racket,4,BA,28,26.3366603337,47.8387247032,1.81643094064,16.3478784658,17,0
hampel_type_local_high_value,racket,4,BA,29,26.1931890263,46.4891146377,1.77485508126,15.9736957314,16,0
hampel_type_local_high_value,racket,4,BA,30,26.7981089651,48.6080293261,1.81386042535,16.3247438282,17,0
hampel_type_local_high_value,racket,5,BD,1,69.09842884,138.465303472,2.00388497678,18.034964791,19,0
hampel_type_local_high_value,racket,5,BD,2,68.8946656261,133.700134479,1.94064566921,17.4658110229,18,0
hampel_type_local_high_value,racket,5,BD,3,66.3873132074,131.630825923,1.98277079707,17.8449371736,18,0
hampel_type_local_high_value,racket,5,BD,4,64.2218739683,136.693546541,2.12845776827,19.1561199144,20,0
hampel_type_local_high_value,racket,5,BD,5,66.835963704,135.802428749,2.03187657098,18.2868891389,19,0
hampel_type_local_high_value,racket,5,BD,6,67.5511629076,137.356570198,2.03337091896,18.3003382706,19,0
hampel_type_local_high_value,racket,5,BD,7,66.7219104258,136.224558069,2.04167652274,18.3750887047,19,0
hampel_type_local_high_value,racket,5,BD,8,66.2456886119,133.043873968,2.00834011626,18.0750610463,19,0
hampel_type_local_high_value,racket,5,BD,9,67.6622723171,136.262622527,2.01386412045,18.124777084,19,0
hampel_type_local_high_value,racket,5,BD,10,67.5305619635,134.173212825,1.9868517146,17.8816654314,18,0
hampel_type_local_high_value,racket,5,BD,11,61.2811492719,133.408047907,2.17698345237,19.5928510713,20,0
hampel_type_local_high_value,racket,5,BD,12,68.3463860757,132.963741527,1.9454392421,17.5089531789,18,0
hampel_type_local_high_value,racket,5,BD,13,69.702243361,133.429605837,1.91427993424,17.2285194081,18,0
hampel_type_local_high_value,racket,5,BD,14,64.8990067157,133.369401499,2.05502993418,18.4952694076,19,0
hampel_type_local_high_value,racket,5,BD,15,68.9509734435,132.501901731,1.92168282931,17.2951454638,18,0
hampel_type_local_high_value,racket,5,BD,16,69.2997907593,132.922456437,1.9180787558,17.2627088022,18,0
hampel_type_local_high_value,racket,5,BD,17,69.5510256851,131.722998871,1.89390447622,17.045140286,18,0
hampel_type_local_high_value,racket,5,BD,18,69.1313876601,127.95877652,1.8509504995,16.6585544955,17,0
hampel_type_local_high_value,racket,5,BD,19,67.6922051404,135.941635613,2.00823175033,18.074085753,19,0
hampel_type_local_high_value,racket,5,BD,20,69.0697198782,136.928086432,1.98246187582,17.8421568824,18,0
hampel_type_local_high_value,racket,5,BD,21,67.2348963328,135.988702739,2.02259109712,18.2033198741,19,0
hampel_type_local_high_value,racket,5,BD,22,62.3741107543,134.937535543,2.16335806493,19.4702225844,20,0
hampel_type_local_high_value,racket,5,BD,23,69.0722543921,134.703613536,1.95018411838,17.5516570654,18,0
hampel_type_local_high_value,racket,5,BD,24,67.8666601151,134.711390343,1.98494209254,17.8644788329,18,0
hampel_type_local_high_value,racket,5,BD,25,69.0073411892,135.388864586,1.96194871811,17.657538463,18,0
hampel_type_local_high_value,racket,5,BD,26,69.0908324892,135.51702825,1.96143284669,17.6528956202,18,0
hampel_type_local_high_value,racket,5,BD,27,69.1499843333,133.551162906,1.9313260038,17.3819340342,18,0
hampel_type_local_high_value,racket,5,BD,28,67.3466685226,137.154217309,2.03654048995,18.3288644095,19,0
hampel_type_local_high_value,racket,5,BD,29,68.9670936606,133.488306769,1.93553620551,17.4198258496,18,0
hampel_type_local_high_value,racket,5,BD,30,64.5051136255,138.806110304,2.15186211608,19.3667590447,20,0
hampel_type_local_high_value,racket,6,BP,1,16.1902080339,18.5602714352,1.14638869349,10.3174982414,11,0
hampel_type_local_high_value,racket,6,BP,2,16.4741267734,18.2300289458,1.10658544739,9.95926902649,10,0
hampel_type_local_high_value,racket,6,BP,3,16.7990003232,17.5675259322,1.0457482942,9.4117346478,10,0
hampel_type_local_high_value,racket,6,BP,4,15.941717682,18.4713440996,1.15867966477,10.4281169829,11,0
hampel_type_local_high_value,racket,6,BP,5,16.2134831841,18.1701134004,1.12067920225,10.0861128202,11,0
hampel_type_local_high_value,racket,6,BP,6,16.3343399503,18.3566220397,1.12380555906,10.1142500315,11,0
hampel_type_local_high_value,racket,6,BP,7,16.2019838277,18.2586631247,1.12693996728,10.1424597055,11,0
hampel_type_local_high_value,racket,6,BP,8,15.1596439469,17.6916583643,1.16702334344,10.5032100909,11,0
hampel_type_local_high_value,racket,6,BP,9,16.7786127191,18.3166523139,1.09166667236,9.82500005124,10,0
hampel_type_local_high_value,racket,6,BP,10,16.6114458907,18.1120009164,1.0903325957,9.81299336134,10,0
hampel_type_local_high_value,racket,6,BP,11,16.4946372665,18.1676613333,1.10142836364,9.91285527277,10,0
hampel_type_local_high_value,racket,6,BP,12,16.4937386974,18.5470133794,1.12448812969,10.1203931672,11,0
hampel_type_local_high_value,racket,6,BP,13,16.7148392971,17.9777574159,1.07555670123,9.68001031105,10,0
hampel_type_local_high_value,racket,6,BP,14,16.8332359738,18.2108347641,1.08183802523,9.73654222708,10,0
hampel_type_local_high_value,racket,6,BP,15,16.6357397285,17.3580275259,1.04341783469,9.39076051218,10,0
hampel_type_local_high_value,racket,6,BP,16,16.417270348,18.2053638706,1.1089153973,9.98023857571,10,0
hampel_type_local_high_value,racket,6,BP,17,16.7451403579,18.2148919162,1.08777182675,9.78994644073,10,0
hampel_type_local_high_value,racket,6,BP,18,16.0636496294,17.9636133767,1.1182772154,10.0644949386,11,0
hampel_type_local_high_value,racket,6,BP,19,16.8136900815,18.2655486158,1.08634978564,9.77714807073,10,0
hampel_type_local_high_value,racket,6,BP,20,16.8490679005,18.4861539915,1.09716181931,9.8744563738,10,0
hampel_type_local_high_value,racket,6,BP,21,16.5877201078,18.2808891924,1.10207364686,9.91866282177,10,0
hampel_type_local_high_value,racket,6,BP,22,16.6112232996,18.2666149228,1.09965500995,9.89689508954,10,0
hampel_type_local_high_value,racket,6,BP,23,16.0633072013,18.3590920029,1.14292105435,10.2862894892,11,0
hampel_type_local_high_value,racket,6,BP,24,16.6851642522,18.3192113173,1.0979341312,9.88140718084,10,0
hampel_type_local_high_value,racket,6,BP,25,16.823785394,18.5551603179,1.10291232819,9.92621095373,10,0
hampel_type_local_high_value,racket,6,BP,26,16.5117884116,17.2850048454,1.04682814572,9.42145331148,10,0
hampel_type_local_high_value,racket,6,BP,27,15.9457790828,17.890582989,1.12196355513,10.0976719961,11,0
hampel_type_local_high_value,racket,6,BP,28,15.1952784835,17.8590905705,1.17530524958,10.5777472462,11,0
hampel_type_local_high_value,racket,6,BP,29,16.6701294262,18.1183593066,1.08687574303,9.78188168731,10,0
hampel_type_local_high_value,racket,6,BP,30,16.4383575464,18.5453945169,1.12817807159,10.1536026443,11,0
hampel_type_local_high_value,body_configuration,1,FA,1,1.17787612693,0.637414795527,0.541156052793,4.87040447514,5,0
hampel_type_local_high_value,body_configuration,1,FA,2,1.15983469244,0.629126774416,0.542427967119,4.88185170407,5,0
hampel_type_local_high_value,body_configuration,1,FA,3,1.14488403253,0.617373058012,0.539245059297,4.85320553367,5,0
hampel_type_local_high_value,body_configuration,1,FA,4,1.13985111765,0.627563668545,0.55056634926,4.95509714334,5,0
hampel_type_local_high_value,body_configuration,1,FA,5,0.921318266737,0.612495535647,0.664803421099,5.98323078989,6,0
hampel_type_local_high_value,body_configuration,1,FA,6,1.16026576939,0.638711113017,0.550486905557,4.95438215001,5,0
hampel_type_local_high_value,body_configuration,1,FA,7,1.1729017303,0.631862412147,0.538717264904,4.84845538414,5,0
hampel_type_local_high_value,body_configuration,1,FA,8,1.17484625473,0.636540967131,0.541807887262,4.87627098536,5,0
hampel_type_local_high_value,body_configuration,1,FA,9,1.16050565071,0.640350111846,0.551785432024,4.96606888822,5,0
hampel_type_local_high_value,body_configuration,1,FA,10,1.10200025782,0.631521961737,0.573068796721,5.15761917049,6,0
hampel_type_local_high_value,body_configuration,1,FA,11,1.17618115924,0.630717021732,0.536241391706,4.82617252536,5,0
hampel_type_local_high_value,body_configuration,1,FA,12,1.1838633916,0.614916950645,0.519415462129,4.67473915916,5,0
hampel_type_local_high_value,body_configuration,1,FA,13,1.1476543935,0.626512974506,0.545907355082,4.91316619574,5,0
hampel_type_local_high_value,body_configuration,1,FA,14,1.18916954849,0.605697629471,0.509345055327,4.58410549794,5,0
hampel_type_local_high_value,body_configuration,1,FA,15,1.18443358673,0.600537857166,0.50702535279,4.56322817511,5,0
hampel_type_local_high_value,body_configuration,1,FA,16,1.16722973014,0.628127117644,0.538134954436,4.84321458993,5,0
hampel_type_local_high_value,body_configuration,1,FA,17,1.13050428853,0.614065388833,0.543178292255,4.8886046303,5,0
hampel_type_local_high_value,body_configuration,1,FA,18,1.17970199088,0.633670516687,0.537144568362,4.83430111526,5,0
hampel_type_local_high_value,body_configuration,1,FA,19,1.15403886449,0.596027537862,0.516470940626,4.64823846563,5,0
hampel_type_local_high_value,body_configuration,1,FA,20,1.15536720918,0.632436263145,0.547389832534,4.9265084928,5,0
hampel_type_local_high_value,body_configuration,1,FA,21,1.1822387093,0.623749420263,0.527600234501,4.74840211051,5,0
hampel_type_local_high_value,body_configuration,1,FA,22,1.08851316271,0.620609615483,0.570144337011,5.1312990331,6,0
hampel_type_local_high_value,body_configuration,1,FA,23,1.19016143427,0.631752477877,0.530812425679,4.77731183111,5,0
hampel_type_local_high_value,body_configuration,1,FA,24,1.18771393197,0.629955121627,0.530392971463,4.77353674317,5,0
hampel_type_local_high_value,body_configuration,1,FA,25,1.16170717951,0.630810762085,0.543003239723,4.8870291575,5,0
hampel_type_local_high_value,body_configuration,1,FA,26,1.18997833856,0.616065673181,0.517711670218,4.65940503196,5,0
hampel_type_local_high_value,body_configuration,1,FA,27,1.15687337127,0.593668915264,0.513166721619,4.61850049457,5,0
hampel_type_local_high_value,body_configuration,1,FA,28,1.10136872234,0.615305022994,0.558673049739,5.02805744765,6,0
hampel_type_local_high_value,body_configuration,1,FA,29,1.18923636894,0.627892268048,0.527979369322,4.7518143239,5,0
hampel_type_local_high_value,body_configuration,1,FA,30,1.1752155376,0.638796668348,0.543557030954,4.89201327858,5,0
hampel_type_local_high_value,body_configuration,2,FD,1,4.5620197,2.50430107037,0.548945694025,4.94051124622,5,0
hampel_type_local_high_value,body_configuration,2,FD,2,4.80727429997,2.42564383931,0.504577789398,4.54120010459,5,0
hampel_type_local_high_value,body_configuration,2,FD,3,4.63387119074,2.43592595327,0.52567839135,4.73110552215,5,0
hampel_type_local_high_value,body_configuration,2,FD,4,4.82634764802,2.32607939368,0.481954381102,4.33758942992,5,0
hampel_type_local_high_value,body_configuration,2,FD,5,4.73801295542,2.44028011653,0.51504293878,4.63538644902,5,0
hampel_type_local_high_value,body_configuration,2,FD,6,4.71591776472,2.46341360753,0.522361442763,4.70125298487,5,0
hampel_type_local_high_value,body_configuration,2,FD,7,4.73047144259,2.44868433151,0.517640654051,4.65876588646,5,0
hampel_type_local_high_value,body_configuration,2,FD,8,4.77338152061,2.46459743128,0.516321065189,4.6468895867,5,0
hampel_type_local_high_value,body_configuration,2,FD,9,4.80422072242,2.48289640476,0.51681563946,4.65134075514,5,0
hampel_type_local_high_value,body_configuration,2,FD,10,4.61860115147,2.42667980428,0.52541445444,4.72873008996,5,0
hampel_type_local_high_value,body_configuration,2,FD,11,4.47592368933,2.32616146901,0.51970534586,4.67734811274,5,0
hampel_type_local_high_value,body_configuration,2,FD,12,4.83168695849,2.38255282917,0.493109932336,4.43798939102,5,0
hampel_type_local_high_value,body_configuration,2,FD,13,4.64508594878,2.35788025732,0.507607455131,4.56846709618,5,0
hampel_type_local_high_value,body_configuration,2,FD,14,4.74174607391,2.44339831073,0.51529505643,4.63765550787,5,0
hampel_type_local_high_value,body_configuration,2,FD,15,4.77619359971,2.38169106742,0.498658820605,4.48792938545,5,0
hampel_type_local_high_value,body_configuration,2,FD,16,4.76195351997,2.43175819292,0.510663991725,4.59597592552,5,0
hampel_type_local_high_value,body_configuration,2,FD,17,4.74279635545,2.44407762026,0.515324175252,4.63791757727,5,0
hampel_type_local_high_value,body_configuration,2,FD,18,4.49397099074,2.37954999862,0.529498299726,4.76548469753,5,0
hampel_type_local_high_value,body_configuration,2,FD,19,4.54934141321,2.41527997565,0.530907609756,4.77816848781,5,0
hampel_type_local_high_value,body_configuration,2,FD,20,4.58377420874,2.44611730341,0.533646988707,4.80282289836,5,0
hampel_type_local_high_value,body_configuration,2,FD,21,4.80220386114,2.42683836403,0.505359296316,4.54823366685,5,0
hampel_type_local_high_value,body_configuration,2,FD,22,4.71736908962,2.47208985904,0.524039949403,4.71635954463,5,0
hampel_type_local_high_value,body_configuration,2,FD,23,4.61567572522,2.43819377404,0.528241999479,4.75417799531,5,0
hampel_type_local_high_value,body_configuration,2,FD,24,4.77322962798,2.44169626004,0.511539659799,4.60385693819,5,0
hampel_type_local_high_value,body_configuration,2,FD,25,4.58372297365,2.47304066877,0.539526643076,4.85573978769,5,0
hampel_type_local_high_value,body_configuration,2,FD,26,4.72751499686,2.44206420606,0.516564031565,4.64907628408,5,0
hampel_type_local_high_value,body_configuration,2,FD,27,4.65872902761,2.43353446427,0.522360165154,4.70124148639,5,0
hampel_type_local_high_value,body_configuration,2,FD,28,4.71917612875,2.45957676994,0.52118774609,4.69068971481,5,0
hampel_type_local_high_value,body_configuration,2,FD,29,4.57276096417,2.4684327134,0.539812321864,4.85831089677,5,0
hampel_type_local_high_value,body_configuration,2,FD,30,4.5630359879,2.50088060194,0.548073828164,4.93266445348,5,0
hampel_type_local_high_value,body_configuration,3,FP,1,1.42187637366,0.521622877313,0.366855295563,3.30169766006,4,0
hampel_type_local_high_value,body_configuration,3,FP,2,1.47381655046,0.509803227862,0.34590684146,3.11316157314,4,0
hampel_type_local_high_value,body_configuration,3,FP,3,1.47739627804,0.522701805099,0.353799324439,3.18419391995,4,0
hampel_type_local_high_value,body_configuration,3,FP,4,1.44992764149,0.525229290783,0.362245174002,3.26020656602,4,0
hampel_type_local_high_value,body_configuration,3,FP,5,1.34331088424,0.524009076114,0.390087717044,3.5107894534,4,0
hampel_type_local_high_value,body_configuration,3,FP,6,1.46486650097,0.523643561428,0.357468452641,3.21721607377,4,0
hampel_type_local_high_value,body_configuration,3,FP,7,1.45680238264,0.527492088203,0.362088979597,3.25880081637,4,0
hampel_type_local_high_value,body_configuration,3,FP,8,1.44836261682,0.520699267124,0.359508911013,3.23558019912,4,0
hampel_type_local_high_value,body_configuration,3,FP,9,1.47069769262,0.523458865351,0.355925536553,3.20332982897,4,0
hampel_type_local_high_value,body_configuration,3,FP,10,1.4157036364,0.508308289335,0.359049928436,3.23144935592,4,0
hampel_type_local_high_value,body_configuration,3,FP,11,1.41479151145,0.504946250495,0.356905060858,3.21214554772,4,0
hampel_type_local_high_value,body_configuration,3,FP,12,1.45469068351,0.52101472027,0.358161859545,3.2234567359,4,0
hampel_type_local_high_value,body_configuration,3,FP,13,1.46502956724,0.512890394519,0.350088766799,3.15079890119,4,0
hampel_type_local_high_value,body_configuration,3,FP,14,1.46190909202,0.518199173752,0.354467440268,3.19020696241,4,0
hampel_type_local_high_value,body_configuration,3,FP,15,1.40633115826,0.497240407854,0.353572773334,3.18215496001,4,0
hampel_type_local_high_value,body_configuration,3,FP,16,1.44008710187,0.515636502575,0.358059246488,3.22253321839,4,0
hampel_type_local_high_value,body_configuration,3,FP,17,1.46642865118,0.476554182686,0.324976044557,2.92478440102,3,0
hampel_type_local_high_value,body_configuration,3,FP,18,1.39044117144,0.51086092389,0.367409232684,3.30668309416,4,0
hampel_type_local_high_value,body_configuration,3,FP,19,1.46458119438,0.493926004458,0.337247266558,3.03522539902,4,0
hampel_type_local_high_value,body_configuration,3,FP,20,1.38554628438,0.518592606268,0.374287464889,3.368587184,4,0
hampel_type_local_high_value,body_configuration,3,FP,21,1.47169140866,0.503733083088,0.342281731159,3.08053558043,4,0
hampel_type_local_high_value,body_configuration,3,FP,22,1.41810808784,0.521918869926,0.368038850072,3.31234965065,4,0
hampel_type_local_high_value,body_configuration,3,FP,23,1.45953600589,0.520210619713,0.356421916015,3.20779724413,4,0
hampel_type_local_high_value,body_configuration,3,FP,24,1.43855878927,0.518417041711,0.360372510028,3.24335259025,4,0
hampel_type_local_high_value,body_configuration,3,FP,25,1.452879877,0.521348174073,0.358837769265,3.22953992338,4,0
hampel_type_local_high_value,body_configuration,3,FP,26,1.34202537766,0.50857630225,0.378961762359,3.41065586124,4,0
hampel_type_local_high_value,body_configuration,3,FP,27,1.42585255244,0.522260588024,0.366279519668,3.29651567701,4,0
hampel_type_local_high_value,body_configuration,3,FP,28,1.29639710798,0.51231761705,0.395185714236,3.55667142812,4,0
hampel_type_local_high_value,body_configuration,3,FP,29,1.45848173569,0.511111433248,0.350440749954,3.15396674958,4,0
hampel_type_local_high_value,body_configuration,3,FP,30,1.41695409075,0.524738514137,0.370328521976,3.33295669779,4,0
hampel_type_local_high_value,body_configuration,4,BA,1,0.643086040804,0.465400324867,0.723698378346,6.51328540512,7,0
hampel_type_local_high_value,body_configuration,4,BA,2,0.641304521792,0.463765124375,0.723158980821,6.50843082739,7,0
hampel_type_local_high_value,body_configuration,4,BA,3,0.63765521433,0.468889760724,0.735334315766,6.61800884189,7,0
hampel_type_local_high_value,body_configuration,4,BA,4,0.651460018427,0.459931072691,0.706000460016,6.35400414014,7,0
hampel_type_local_high_value,body_configuration,4,BA,5,0.656184599038,0.460888440416,0.702376192754,6.32138573479,7,0
hampel_type_local_high_value,body_configuration,4,BA,6,0.658805243561,0.465834892745,0.707090444859,6.36381400373,7,0
hampel_type_local_high_value,body_configuration,4,BA,7,0.650309784901,0.464405005152,0.714128890468,6.42716001421,7,0
hampel_type_local_high_value,body_configuration,4,BA,8,0.661158601071,0.466037924228,0.704880679874,6.34392611887,7,0
hampel_type_local_high_value,body_configuration,4,BA,9,0.661396729666,0.457343904974,0.691481956986,6.22333761288,7,0
hampel_type_local_high_value,body_configuration,4,BA,10,0.645196885298,0.4490641111,0.69601097174,6.26409874566,7,0
hampel_type_local_high_value,body_configuration,4,BA,11,0.660849411442,0.453362592396,0.68603010693,6.17427096237,7,0
hampel_type_local_high_value,body_configuration,4,BA,12,0.654634064783,0.459214123198,0.701482168286,6.31333951458,7,0
hampel_type_local_high_value,body_configuration,4,BA,13,0.600006214783,0.452660869995,0.754426968992,6.78984272092,7,0
hampel_type_local_high_value,body_configuration,4,BA,14,0.662094596789,0.456018883025,0.688751856964,6.19876671268,7,0
hampel_type_local_high_value,body_configuration,4,BA,15,0.666016848254,0.454745703883,0.682784084329,6.14505675896,7,0
hampel_type_local_high_value,body_configuration,4,BA,16,0.635142286984,0.463883112386,0.730360931546,6.57324838391,7,0
hampel_type_local_high_value,body_configuration,4,BA,17,0.653244280855,0.448719805693,0.686909658215,6.18218692393,7,0
hampel_type_local_high_value,body_configuration,4,BA,18,0.641246231892,0.456176409899,0.711390394534,6.40251355081,7,0
hampel_type_local_high_value,body_configuration,4,BA,19,0.646287834138,0.460870481832,0.71310406523,6.41793658707,7,0
hampel_type_local_high_value,body_configuration,4,BA,20,0.650394149002,0.466136513513,0.716698503867,6.4502865348,7,0
hampel_type_local_high_value,body_configuration,4,BA,21,0.662659253613,0.454593715711,0.686014287483,6.17412858735,7,0
hampel_type_local_high_value,body_configuration,4,BA,22,0.663176065475,0.463243894142,0.698523240295,6.28670916265,7,0
hampel_type_local_high_value,body_configuration,4,BA,23,0.659180839555,0.445858342337,0.676382436477,6.08744192829,7,0
hampel_type_local_high_value,body_configuration,4,BA,24,0.658149150577,0.460163036394,0.699177437197,6.29259693477,7,0
hampel_type_local_high_value,body_configuration,4,BA,25,0.657449515797,0.463433517412,0.704895974941,6.34406377447,7,0
hampel_type_local_high_value,body_configuration,4,BA,26,0.587132565663,0.432851545266,0.737229665974,6.63506699377,7,0
hampel_type_local_high_value,body_configuration,4,BA,27,0.587186283991,0.452836750275,0.771197765718,6.94077989146,7,0
hampel_type_local_high_value,body_configuration,4,BA,28,0.660459003515,0.457409150259,0.692562517619,6.23306265857,7,0
hampel_type_local_high_value,body_configuration,4,BA,29,0.662898408514,0.452664340591,0.682856278998,6.14570651098,7,0
hampel_type_local_high_value,body_configuration,4,BA,30,0.659230512133,0.466583988913,0.707770620936,6.36993558843,7,0
hampel_type_local_high_value,body_configuration,5,BD,1,1.39920345538,1.27344723634,0.910122992797,8.19110693517,9,0
hampel_type_local_high_value,body_configuration,5,BD,2,1.44031325033,1.23710853119,0.858916302342,7.73024672108,8,0
hampel_type_local_high_value,body_configuration,5,BD,3,1.34569969797,1.20610103928,0.896263141845,8.0663682766,9,0
hampel_type_local_high_value,body_configuration,5,BD,4,1.34350611326,1.24107006504,0.923754683953,8.31379215557,9,0
hampel_type_local_high_value,body_configuration,5,BD,5,1.42488149061,1.25616399509,0.881591910177,7.93432719159,8,0
hampel_type_local_high_value,body_configuration,5,BD,6,1.43597132815,1.26187382727,0.878759765284,7.90883788755,8,0
hampel_type_local_high_value,body_configuration,5,BD,7,1.4260406811,1.24801209125,0.875158828063,7.87642945257,8,0
hampel_type_local_high_value,body_configuration,5,BD,8,1.40715684475,1.21628245221,0.864354571955,7.7791911476,8,0
hampel_type_local_high_value,body_configuration,5,BD,9,1.44751749429,1.2618131826,0.871708416357,7.84537574721,8,0
hampel_type_local_high_value,body_configuration,5,BD,10,1.41568926682,1.22779224509,0.867275237489,7.8054771374,8,0
hampel_type_local_high_value,body_configuration,5,BD,11,1.32164934559,1.23222574801,0.93233939253,8.39105453277,9,0
hampel_type_local_high_value,body_configuration,5,BD,12,1.43537232909,1.23316838333,0.859127878067,7.7321509026,8,0
hampel_type_local_high_value,body_configuration,5,BD,13,1.45796288106,1.23930459154,0.850024789819,7.65022310837,8,0
hampel_type_local_high_value,body_configuration,5,BD,14,1.37019613287,1.21435744838,0.886265417958,7.97638876162,8,0
hampel_type_local_high_value,body_configuration,5,BD,15,1.44702847451,1.23547057579,0.853798385826,7.68418547243,8,0
hampel_type_local_high_value,body_configuration,5,BD,16,1.42757065125,1.22800450825,0.860205767872,7.74185191084,8,0
hampel_type_local_high_value,body_configuration,5,BD,17,1.44681903687,1.22681338114,0.847938373686,7.63144536318,8,0
hampel_type_local_high_value,body_configuration,5,BD,18,1.38417340061,1.18131645058,0.853445420971,7.68100878874,8,0
hampel_type_local_high_value,body_configuration,5,BD,19,1.3054282278,1.18954189792,0.911227344858,8.20104610372,9,0
hampel_type_local_high_value,body_configuration,5,BD,20,1.40802694339,1.24382596529,0.883382218731,7.95043996858,8,0
hampel_type_local_high_value,body_configuration,5,BD,21,1.43942791766,1.24167007251,0.862613582297,7.76352224067,8,0
hampel_type_local_high_value,body_configuration,5,BD,22,1.36599266084,1.24201161938,0.909237402939,8.18313662645,9,0
hampel_type_local_high_value,body_configuration,5,BD,23,1.44615427616,1.2429713996,0.859501244152,7.73551119737,8,0
hampel_type_local_high_value,body_configuration,5,BD,24,1.44843114287,1.25354962117,0.865453375085,7.78908037577,8,0
hampel_type_local_high_value,body_configuration,5,BD,25,1.44850414044,1.25019157259,0.863091473257,7.76782325931,8,0
hampel_type_local_high_value,body_configuration,5,BD,26,1.44752587314,1.24597251023,0.860760096487,7.74684086838,8,0
hampel_type_local_high_value,body_configuration,5,BD,27,1.41880399142,1.240297205,0.874185026614,7.86766523953,8,0
hampel_type_local_high_value,body_configuration,5,BD,28,1.40235518702,1.26398207722,0.90132805791,8.11195252119,9,0
hampel_type_local_high_value,body_configuration,5,BD,29,1.43480263751,1.24570054055,0.868203408597,7.81383067738,8,0
hampel_type_local_high_value,body_configuration,5,BD,30,1.36716756391,1.27451265298,0.932228562627,8.39005706365,9,0
hampel_type_local_high_value,body_configuration,6,BP,1,1.04137123022,0.430423281572,0.413323576725,3.71991219052,4,0
hampel_type_local_high_value,body_configuration,6,BP,2,1.08753627168,0.432434952882,0.397628073789,3.5786526641,4,0
hampel_type_local_high_value,body_configuration,6,BP,3,1.13215682641,0.428848174522,0.378788666481,3.40909799833,4,0
hampel_type_local_high_value,body_configuration,6,BP,4,1.10870740826,0.436118786071,0.393357871355,3.5402208422,4,0
hampel_type_local_high_value,body_configuration,6,BP,5,1.0518289044,0.427671164511,0.406597653593,3.65937888234,4,0
hampel_type_local_high_value,body_configuration,6,BP,6,1.04348322557,0.432982264927,0.414939363006,3.73445426706,4,0
hampel_type_local_high_value,body_configuration,6,BP,7,1.10811235496,0.43221921804,0.390049994575,3.51044995118,4,0
hampel_type_local_high_value,body_configuration,6,BP,8,1.11031418691,0.433413229914,0.390351879697,3.51316691727,4,0
hampel_type_local_high_value,body_configuration,6,BP,9,1.12481499369,0.426212203324,0.378917604862,3.41025844376,4,0
hampel_type_local_high_value,body_configuration,6,BP,10,1.10727247692,0.424053862893,0.382971555541,3.44674399987,4,0
hampel_type_local_high_value,body_configuration,6,BP,11,1.12328777807,0.430195723575,0.382979083342,3.44681175008,4,0
hampel_type_local_high_value,body_configuration,6,BP,12,1.0963766394,0.430398839166,0.39256476625,3.53308289625,4,0
hampel_type_local_high_value,body_configuration,6,BP,13,1.13340514306,0.424384405164,0.374433103433,3.3698979309,4,0
hampel_type_local_high_value,body_configuration,6,BP,14,1.12416226986,0.428419068803,0.381100736334,3.42990662701,4,0
hampel_type_local_high_value,body_configuration,6,BP,15,1.13920426327,0.422163783363,0.37057777694,3.33519999246,4,0
hampel_type_local_high_value,body_configuration,6,BP,16,1.09792041613,0.430806917806,0.392384467469,3.53146020722,4,0
hampel_type_local_high_value,body_configuration,6,BP,17,1.1335018442,0.406179883701,0.358340734759,3.22506661284,4,0
hampel_type_local_high_value,body_configuration,6,BP,18,1.10382129631,0.398110409732,0.360665635879,3.24599072291,4,0
hampel_type_local_high_value,body_configuration,6,BP,19,1.10723432429,0.423864325181,0.382813570609,3.44532213548,4,0
hampel_type_local_high_value,body_configuration,6,BP,20,1.11991829986,0.434191885832,0.387699607985,3.48929647186,4,0
hampel_type_local_high_value,body_configuration,6,BP,21,1.11597274821,0.428397866624,0.383878430105,3.45490587094,4,0
hampel_type_local_high_value,body_configuration,6,BP,22,1.06937231377,0.428714779101,0.400903196744,3.6081287707,4,0
hampel_type_local_high_value,body_configuration,6,BP,23,1.09158550488,0.432495816313,0.396208830531,3.56587947478,4,0
hampel_type_local_high_value,body_configuration,6,BP,24,1.11623479698,0.421657455015,0.377749785401,3.39974806861,4,0
hampel_type_local_high_value,body_configuration,6,BP,25,1.11020851497,0.431261318314,0.388450739206,3.49605665285,4,0
hampel_type_local_high_value,body_configuration,6,BP,26,1.13548143176,0.411710165265,0.362586435806,3.26327792226,4,0
hampel_type_local_high_value,body_configuration,6,BP,27,1.0777225965,0.417973622313,0.387830433982,3.49047390584,4,0
hampel_type_local_high_value,body_configuration,6,BP,28,1.03396246288,0.425899523946,0.411910044352,3.70719039917,4,0
hampel_type_local_high_value,body_configuration,6,BP,29,1.11873613805,0.418355577981,0.373953753481,3.36558378133,4,0
hampel_type_local_high_value,body_configuration,6,BP,30,1.07172966413,0.42605232149,0.397537117569,3.57783405812,4,0
