quality_rule,waveform,action_id,action_code,participant_code,integrated_within_SS,within_SS_share,integrated_squared_group_mean_deviation,between_distance_share
unaltered_nonzero_primary,racket,1,FA,1,683.014467238,0.0126465270587,52.0196401981,0.0313156710272
unaltered_nonzero_primary,racket,1,FA,2,1883.59307706,0.0348761438581,83.3534234716,0.0501785167772
unaltered_nonzero_primary,racket,1,FA,3,0.650495195817,1.20444082666e-05,240.925806505,0.145036629814
unaltered_nonzero_primary,racket,1,FA,4,1597.42946,0.029577609054,54.8255626978,0.0330048281531
unaltered_nonzero_primary,racket,1,FA,5,2463.96291795,0.0456221283854,239.832712347,0.144378590333
unaltered_nonzero_primary,racket,1,FA,6,511.828193284,0.00947688432124,38.6386918079,0.0232603792908
unaltered_nonzero_primary,racket,1,FA,7,976.938979849,0.0180887606866,20.8246662601,0.0125363880905
unaltered_nonzero_primary,racket,1,FA,8,821.562201923,0.0152118426701,17.5236583791,0.0105491910152
unaltered_nonzero_primary,racket,1,FA,9,422.078417242,0.00781509965098,25.7663660295,0.0155112768768
unaltered_nonzero_primary,racket,1,FA,10,1251.83917264,0.0231787447108,153.859369271,0.0926228896278
unaltered_nonzero_primary,racket,1,FA,11,1641.17840404,0.0303876536887,24.5273837316,0.0147654131626
unaltered_nonzero_primary,racket,1,FA,12,2887.69997688,0.0534679390358,20.7829529578,0.0125112768047
unaltered_nonzero_primary,racket,1,FA,13,2217.8775605,0.0410656727302,64.4622921334,0.0388061110461
unaltered_nonzero_primary,racket,1,FA,14,3109.40597131,0.057572992431,10.5087084246,0.0063262116903
unaltered_nonzero_primary,racket,1,FA,15,4417.00522548,0.0817841770294,23.4679646782,0.0141276459956
unaltered_nonzero_primary,racket,1,FA,16,2145.85000025,0.0397320282274,18.9762929239,0.0114236727563
unaltered_nonzero_primary,racket,1,FA,17,1972.79588425,0.0365278009883,59.7267571744,0.0359553328718
unaltered_nonzero_primary,racket,1,FA,18,1760.69276059,0.0326005519749,22.1382153888,0.0133271408184
unaltered_nonzero_primary,racket,1,FA,19,4013.47645392,0.0743125380331,56.127832585,0.0337887908107
unaltered_nonzero_primary,racket,1,FA,20,1091.43819486,0.0202087998516,33.1019440148,0.0199272733372
unaltered_nonzero_primary,racket,1,FA,21,1657.84481092,0.0306962447592,16.5759123283,0.00997865066871
unaltered_nonzero_primary,racket,1,FA,22,2014.12891891,0.037293113242,138.637988505,0.0834596629919
unaltered_nonzero_primary,racket,1,FA,23,798.228573241,0.0147798029686,9.72866530989,0.00585662802007
unaltered_nonzero_primary,racket,1,FA,24,2020.01307271,0.0374020627793,23.386144578,0.014078390535
unaltered_nonzero_primary,racket,1,FA,25,1150.88706951,0.0213095405209,41.416657455,0.0249327064733
unaltered_nonzero_primary,racket,1,FA,26,2304.14055687,0.04266289705,9.25065741533,0.00556886866769
unaltered_nonzero_primary,racket,1,FA,27,4327.98093195,0.0801358252141,26.7605422282,0.0161097680364
unaltered_nonzero_primary,racket,1,FA,28,1938.93103124,0.0359007677401,61.8300195821,0.0372214906805
unaltered_nonzero_primary,racket,1,FA,29,1349.65582158,0.0249898936059,12.0294076845,0.00724166819043
unaltered_nonzero_primary,racket,1,FA,30,575.937334014,0.0106639133255,60.1314145666,0.0361989354366
unaltered_nonzero_primary,racket,2,FD,1,973.803774689,0.00478027343902,83.5046639232,0.0154777708859
unaltered_nonzero_primary,racket,2,FD,2,7326.71108499,0.0359658519563,84.5837944851,0.0156777900801
unaltered_nonzero_primary,racket,2,FD,3,7441.20208338,0.0365278730666,280.284156811,0.0519512774288
unaltered_nonzero_primary,racket,2,FD,4,15236.882318,0.0747958323141,33.0240423397,0.00612107799788
unaltered_nonzero_primary,racket,2,FD,5,4998.26293654,0.0245358091413,156.925795358,0.0290865371168
unaltered_nonzero_primary,racket,2,FD,6,3938.25829878,0.0193323871102,165.492949009,0.0306744776597
unaltered_nonzero_primary,racket,2,FD,7,4630.22136068,0.0227291419098,178.251728588,0.0330393451753
unaltered_nonzero_primary,racket,2,FD,8,4399.46406007,0.0215963849586,136.262074528,0.0252564715658
unaltered_nonzero_primary,racket,2,FD,9,3690.49299521,0.0181161401305,91.6421724257,0.0169860757669
unaltered_nonzero_primary,racket,2,FD,10,8378.29430267,0.0411279343543,391.155326747,0.0725014896624
unaltered_nonzero_primary,racket,2,FD,11,11312.193314,0.0555300550702,257.480610713,0.047724590615
unaltered_nonzero_primary,racket,2,FD,12,12329.0036675,0.0605214420945,38.068998654,0.00705617161173
unaltered_nonzero_primary,racket,2,FD,13,13850.2540735,0.0679890583627,160.435519369,0.0297370720878
unaltered_nonzero_primary,racket,2,FD,14,6180.65715796,0.0303400253889,140.76960713,0.0260919525268
unaltered_nonzero_primary,racket,2,FD,15,10262.6631347,0.0503780507651,85.909388647,0.0159234918381
unaltered_nonzero_primary,racket,2,FD,16,9170.09657716,0.045014786593,30.0163076031,0.00556358782963
unaltered_nonzero_primary,racket,2,FD,17,6174.0315596,0.0303075012063,41.0640130231,0.00761130403221
unaltered_nonzero_primary,racket,2,FD,18,12033.118954,0.0590689833204,467.489780722,0.0866502465558
unaltered_nonzero_primary,racket,2,FD,19,6000.43856629,0.0294553562499,428.110515541,0.0793512141966
unaltered_nonzero_primary,racket,2,FD,20,4212.34704218,0.0206778523611,264.920198962,0.0491035344607
unaltered_nonzero_primary,racket,2,FD,21,5408.63285945,0.0265502606084,37.1138720001,0.00687913681126
unaltered_nonzero_primary,racket,2,FD,22,3032.50036248,0.0148861416574,177.985520156,0.032990002864
unaltered_nonzero_primary,racket,2,FD,23,5926.4042976,0.0290919318543,278.639263774,0.0516463929306
unaltered_nonzero_primary,racket,2,FD,24,8195.84305728,0.0402323054145,101.074281122,0.0187343376066
unaltered_nonzero_primary,racket,2,FD,25,3418.69788762,0.0167819340333,338.506001297,0.0627428228007
unaltered_nonzero_primary,racket,2,FD,26,6240.76349387,0.0306350794117,151.083598933,0.0280036733164
unaltered_nonzero_primary,racket,2,FD,27,8382.57078677,0.041148927047,154.295775498,0.0285990572217
unaltered_nonzero_primary,racket,2,FD,28,3617.78753748,0.0177592386916,96.839893491,0.0179494846593
unaltered_nonzero_primary,racket,2,FD,29,5384.29290869,0.0264307790218,445.007816072,0.0824831655623
unaltered_nonzero_primary,racket,2,FD,30,1567.09523912,0.00769266246723,99.1973650425,0.0183864471333
unaltered_nonzero_primary,racket,3,FP,1,325.325418504,0.0147276699872,15.2108431068,0.0295010066058
unaltered_nonzero_primary,racket,3,FP,2,1056.70555765,0.0478376721937,19.2995393464,0.0374309190983
unaltered_nonzero_primary,racket,3,FP,3,552.603723565,0.0250166904013,8.17784699414,0.015860706504
unaltered_nonzero_primary,racket,3,FP,4,351.866207211,0.0159291868532,13.6781809319,0.0265284509999
unaltered_nonzero_primary,racket,3,FP,5,1115.81244602,0.0505134752403,39.2977953315,0.076216979659
unaltered_nonzero_primary,racket,3,FP,6,1855.40714892,0.0839953555026,22.843641779,0.0443046070682
unaltered_nonzero_primary,racket,3,FP,7,598.704941613,0.0271037192247,12.461650771,0.0241690246315
unaltered_nonzero_primary,racket,3,FP,8,902.532742353,0.0408581796134,30.8338304482,0.059801355477
unaltered_nonzero_primary,racket,3,FP,9,401.811068389,0.0181902196258,10.9641928013,0.0212647466013
unaltered_nonzero_primary,racket,3,FP,10,618.854303671,0.0280158925071,13.5940631015,0.0263653068105
unaltered_nonzero_primary,racket,3,FP,11,943.825696666,0.0427275355547,32.7024069397,0.0634254075451
unaltered_nonzero_primary,racket,3,FP,12,303.764053575,0.0137515745176,11.6264350334,0.0225491469679
unaltered_nonzero_primary,racket,3,FP,13,645.778192959,0.0292347525582,8.29934982153,0.0160963578541
unaltered_nonzero_primary,racket,3,FP,14,663.446206526,0.0300345937582,19.4239613768,0.0376722321613
unaltered_nonzero_primary,racket,3,FP,15,1420.848978,0.0643226555917,5.61162002549,0.010883580764
unaltered_nonzero_primary,racket,3,FP,16,1110.33355543,0.050265442692,6.68512955673,0.0129656226042
unaltered_nonzero_primary,racket,3,FP,17,598.237554268,0.0270825603291,6.87360972386,0.0133311746394
unaltered_nonzero_primary,racket,3,FP,18,321.789420027,0.0145675932896,9.77961217533,0.0189672854661
unaltered_nonzero_primary,racket,3,FP,19,1115.13812787,0.0504829484675,14.8087877331,0.0287212314051
unaltered_nonzero_primary,racket,3,FP,20,443.319171866,0.0200693154943,8.30241620367,0.0161023050168
unaltered_nonzero_primary,racket,3,FP,21,1363.09673605,0.061708178173,5.79115321496,0.0112317803852
unaltered_nonzero_primary,racket,3,FP,22,410.309391955,0.0185749436523,20.7872006987,0.0403161968619
unaltered_nonzero_primary,racket,3,FP,23,541.705079632,0.0245233024825,22.2766354784,0.0432049141386
unaltered_nonzero_primary,racket,3,FP,24,483.511680088,0.0218888536041,3.31408637623,0.00642757823422
unaltered_nonzero_primary,racket,3,FP,25,228.30501364,0.0103355001056,6.35075333791,0.0123171092396
unaltered_nonzero_primary,racket,3,FP,26,1164.59211655,0.0527217591579,13.6480196003,0.0264699539373
unaltered_nonzero_primary,racket,3,FP,27,27.847510552,0.00126067292025,72.1129783447,0.139861113258
unaltered_nonzero_primary,racket,3,FP,28,1102.78115306,0.0499235410657,32.9817407647,0.0639671677196
unaltered_nonzero_primary,racket,3,FP,29,1242.00629247,0.0562263437073,8.23113022923,0.0159640478546
unaltered_nonzero_primary,racket,3,FP,30,179.142214388,0.00810987172911,19.6355954183,0.0380826904911
unaltered_nonzero_primary,racket,4,BA,1,537.170853492,0.00753701404816,18.4809414229,0.0233615496105
unaltered_nonzero_primary,racket,4,BA,2,2648.96345552,0.0371674573323,10.1782396862,0.0128661979894
unaltered_nonzero_primary,racket,4,BA,3,2994.84687505,0.0420205281478,113.62985349,0.143638216193
unaltered_nonzero_primary,racket,4,BA,4,2189.16583904,0.0307160628231,18.2566667534,0.0230780465303
unaltered_nonzero_primary,racket,4,BA,5,1858.19300485,0.0260722015923,27.1918132675,0.0343728644614
unaltered_nonzero_primary,racket,4,BA,6,610.891565301,0.00857138521132,18.0655523329,0.0228364609469
unaltered_nonzero_primary,racket,4,BA,7,976.63824374,0.013703156296,11.6915541588,0.0147791617458
unaltered_nonzero_primary,racket,4,BA,8,980.028500541,0.0137507247985,12.2531498687,0.0154890685486
unaltered_nonzero_primary,racket,4,BA,9,995.181981867,0.0139633424432,9.39544149404,0.0118766716237
unaltered_nonzero_primary,racket,4,BA,10,4416.29741695,0.061964820794,38.372615421,0.0485063903581
unaltered_nonzero_primary,racket,4,BA,11,2199.55701933,0.0308618608896,17.7246022896,0.0224054698427
unaltered_nonzero_primary,racket,4,BA,12,3103.59165882,0.0435463200958,19.6168647354,0.024797457458
unaltered_nonzero_primary,racket,4,BA,13,4738.37529189,0.0664838773515,72.8708538826,0.0921152244999
unaltered_nonzero_primary,racket,4,BA,14,2116.96711633,0.0297030466034,18.9095529447,0.0239033526011
unaltered_nonzero_primary,racket,4,BA,15,3732.77234221,0.0523743188948,6.56059782352,0.00829317771328
unaltered_nonzero_primary,racket,4,BA,16,2886.19644723,0.0404960601028,10.4823712132,0.0132506472224
unaltered_nonzero_primary,racket,4,BA,17,7711.99828549,0.108206614412,5.09905755863,0.0064456611488
unaltered_nonzero_primary,racket,4,BA,18,2746.62449054,0.0385377338246,76.319049942,0.0964740502472
unaltered_nonzero_primary,racket,4,BA,19,2335.081578,0.0327633983537,40.5985630036,0.0513201855912
unaltered_nonzero_primary,racket,4,BA,20,802.13067635,0.0112546504279,16.1403023554,0.0204027741649
unaltered_nonzero_primary,racket,4,BA,21,1749.78930498,0.0245511953734,11.8119573508,0.0149313620628
unaltered_nonzero_primary,racket,4,BA,22,2151.40792044,0.0301862835897,6.5312805505,0.00825611807912
unaltered_nonzero_primary,racket,4,BA,23,1391.31650306,0.0195214836412,25.2311982187,0.0318944730915
unaltered_nonzero_primary,racket,4,BA,24,3253.23148698,0.0456459081126,16.9405644209,0.0214143764158
unaltered_nonzero_primary,racket,4,BA,25,2051.12845026,0.0287792679809,35.8143086563,0.0452724636314
unaltered_nonzero_primary,racket,4,BA,26,2760.94954997,0.0387387279282,19.2716394623,0.0243610620841
unaltered_nonzero_primary,racket,4,BA,27,2254.59142827,0.0316340455877,57.3830974225,0.0725373262415
unaltered_nonzero_primary,racket,4,BA,28,1414.56664421,0.0198477050647,21.5283791291,0.0272137812436
unaltered_nonzero_primary,racket,4,BA,29,3332.36706805,0.046756255002,26.1360026857,0.0330382262133
unaltered_nonzero_primary,racket,4,BA,30,331.022157073,0.00464455327739,8.5976421256,0.0108681824402
unaltered_nonzero_primary,racket,5,BD,1,1139.39017601,0.00364240088235,22.2288140393,0.00995286159074
unaltered_nonzero_primary,racket,5,BD,2,9268.6823026,0.0296301103065,31.0323330246,0.0138946016142
unaltered_nonzero_primary,racket,5,BD,3,30562.9663597,0.0977036470737,148.949225435,0.0666914133242
unaltered_nonzero_primary,racket,5,BD,4,4068.76392464,0.0130070186853,167.833970301,0.0751469814663
unaltered_nonzero_primary,racket,5,BD,5,6326.60354681,0.0202248771549,83.1042344676,0.0372095849018
unaltered_nonzero_primary,racket,5,BD,6,2812.2501026,0.00899019709911,60.3789983239,0.0270344523214
unaltered_nonzero_primary,racket,5,BD,7,4945.36044345,0.0158093211808,82.6751632525,0.0370174700005
unaltered_nonzero_primary,racket,5,BD,8,12616.1186116,0.0403311899036,104.986712324,0.0470073758671
unaltered_nonzero_primary,racket,5,BD,9,5592.06321623,0.0178766996784,62.1800038403,0.0278408452579
unaltered_nonzero_primary,racket,5,BD,10,7564.50435514,0.0241821966855,59.9338386337,0.0268351338704
unaltered_nonzero_primary,racket,5,BD,11,10408.827778,0.0332749257288,242.988554436,0.108797142581
unaltered_nonzero_primary,racket,5,BD,12,14546.7780028,0.0465031190795,50.321142375,0.0225310879952
unaltered_nonzero_primary,racket,5,BD,13,22975.7217932,0.0734487545133,15.8254247198,0.00708576991883
unaltered_nonzero_primary,racket,5,BD,14,9947.27836945,0.0317994452408,147.464717351,0.0660267308333
unaltered_nonzero_primary,racket,5,BD,15,9658.90002838,0.0308775577733,32.7912204616,0.014682136351
unaltered_nonzero_primary,racket,5,BD,16,9680.93247461,0.0309479910658,17.7450907759,0.00794529263214
unaltered_nonzero_primary,racket,5,BD,17,12540.2928589,0.0400887902458,15.4837111264,0.0069327690393
unaltered_nonzero_primary,racket,5,BD,18,42172.2237292,0.134816104401,71.3936620132,0.031966223444
unaltered_nonzero_primary,racket,5,BD,19,8199.57123788,0.0262123775864,68.2061092248,0.0305390095737
unaltered_nonzero_primary,racket,5,BD,20,3447.55462395,0.0110211376828,26.188861095,0.0117259566452
unaltered_nonzero_primary,racket,5,BD,21,4658.63981778,0.0148927330955,66.639737221,0.0298376728436
unaltered_nonzero_primary,racket,5,BD,22,6375.52497091,0.0203812690934,211.727060807,0.0947999352329
unaltered_nonzero_primary,racket,5,BD,23,10616.0313495,0.0339373138093,27.9384866298,0.0125093444027
unaltered_nonzero_primary,racket,5,BD,24,8673.93852487,0.0277288342499,58.5573460157,0.0262188148673
unaltered_nonzero_primary,racket,5,BD,25,7960.42155379,0.0254478642189,26.1230860681,0.0116965061429
unaltered_nonzero_primary,racket,5,BD,26,11287.6431393,0.0360843214168,27.6371788432,0.0123744350598
unaltered_nonzero_primary,racket,5,BD,27,13302.1907795,0.0425244244269,30.2847505737,0.0135598745951
unaltered_nonzero_primary,racket,5,BD,28,3900.6715212,0.0124696611308,71.5607382032,0.0320410311324
unaltered_nonzero_primary,racket,5,BD,29,16908.0037382,0.0540514821278,51.3404173582,0.0229874642468
unaltered_nonzero_primary,racket,5,BD,30,655.103666653,0.00209423446305,149.888751338,0.0671120822479
unaltered_nonzero_primary,racket,6,BP,1,311.800480994,0.0116839724398,21.9412793176,0.0451079753181
unaltered_nonzero_primary,racket,6,BP,2,781.075058408,0.0292689075616,14.4353335829,0.0296768780681
unaltered_nonzero_primary,racket,6,BP,3,1722.49184072,0.0645462352419,6.00064124538,0.0123364172741
unaltered_nonzero_primary,racket,6,BP,4,438.166224905,0.0164192244974,28.7151368364,0.0590340091351
unaltered_nonzero_primary,racket,6,BP,5,866.2150484,0.0324593237323,21.5225125128,0.0442470536544
unaltered_nonzero_primary,racket,6,BP,6,601.186271944,0.0225280083283,18.1502511247,0.0373141906587
unaltered_nonzero_primary,racket,6,BP,7,740.385890229,0.0277441789336,21.7856745767,0.0447880753383
unaltered_nonzero_primary,racket,6,BP,8,1546.09965479,0.0579363626962,50.3053601515,0.103420266031
unaltered_nonzero_primary,racket,6,BP,9,657.983252347,0.0246563384437,6.14685494697,0.0126370106874
unaltered_nonzero_primary,racket,6,BP,10,948.792888159,0.0355537294907,10.7823075149,0.0221668050533
unaltered_nonzero_primary,racket,6,BP,11,869.699435806,0.0325898927625,13.9138136151,0.0286047113317
unaltered_nonzero_primary,racket,6,BP,12,330.640178262,0.0123899447428,13.7326835161,0.0282323350489
unaltered_nonzero_primary,racket,6,BP,13,1139.55290243,0.0427020018163,8.05646145166,0.0165628748922
unaltered_nonzero_primary,racket,6,BP,14,808.349990605,0.0302909699878,4.72577248591,0.00971547855382
unaltered_nonzero_primary,racket,6,BP,15,2020.41341543,0.0757101290789,10.5324552608,0.0216531463398
unaltered_nonzero_primary,racket,6,BP,16,816.124130349,0.0305822871603,15.9874457573,0.0328677876153
unaltered_nonzero_primary,racket,6,BP,17,802.584777463,0.0300749325037,7.10793678409,0.0146128506173
unaltered_nonzero_primary,racket,6,BP,18,1159.65158216,0.0434551514565,25.6890798261,0.05281289035
unaltered_nonzero_primary,racket,6,BP,19,730.601607342,0.0273775364857,5.22506905237,0.0107419573143
unaltered_nonzero_primary,racket,6,BP,20,417.121368567,0.0156306191667,4.14808478381,0.00852783939064
unaltered_nonzero_primary,racket,6,BP,21,708.802648073,0.0265606729629,11.3330258892,0.0232989993287
unaltered_nonzero_primary,racket,6,BP,22,729.086385102,0.0273207571798,10.7046685775,0.0220071910572
unaltered_nonzero_primary,racket,6,BP,23,597.676454366,0.0223964863636,25.4848029428,0.0523929277547
unaltered_nonzero_primary,racket,6,BP,24,654.346908601,0.0245200752154,8.67494275413,0.0178343795717
unaltered_nonzero_primary,racket,6,BP,25,319.063378734,0.0119561320489,4.79493624951,0.00985766886534
unaltered_nonzero_primary,racket,6,BP,26,2123.95430511,0.0795900746698,13.9274187019,0.0286326813471
unaltered_nonzero_primary,racket,6,BP,27,1263.42776309,0.0473439140204,28.9195275119,0.0594542056704
unaltered_nonzero_primary,racket,6,BP,28,1308.17848975,0.0490208397751,49.2502384079,0.101251094176
unaltered_nonzero_primary,racket,6,BP,29,939.757615702,0.0352151544057,9.19043227751,0.0188941486199
unaltered_nonzero_primary,racket,6,BP,30,332.940581906,0.0124761468317,15.23270353,0.031316150937
unaltered_nonzero_primary,body_configuration,1,FA,1,11.2330799995,0.0114895062913,0.458846012683,0.0135536888443
unaltered_nonzero_primary,body_configuration,1,FA,2,23.0103579979,0.0235356334143,0.954846455417,0.0282048691567
unaltered_nonzero_primary,body_configuration,1,FA,3,39.7123890085,0.0406189347334,1.36421842489,0.0402971618702
unaltered_nonzero_primary,body_configuration,1,FA,4,25.2315314408,0.0258075113184,1.49472234132,0.0441520705486
unaltered_nonzero_primary,body_configuration,1,FA,5,54.6520413028,0.0558996261406,7.42343788908,0.219278286228
unaltered_nonzero_primary,body_configuration,1,FA,6,9.39101284643,0.00960538883239,0.936553015251,0.0276645057471
unaltered_nonzero_primary,body_configuration,1,FA,7,19.123016782,0.0195595528239,0.600031819254,0.0177241260686
unaltered_nonzero_primary,body_configuration,1,FA,8,12.4747901505,0.0127595619298,0.543155901172,0.0160440885939
unaltered_nonzero_primary,body_configuration,1,FA,9,7.06199551027,0.00722320519821,0.930529047611,0.0274865659138
unaltered_nonzero_primary,body_configuration,1,FA,10,19.6067968146,0.0200543764811,2.51855658029,0.0743947452576
unaltered_nonzero_primary,body_configuration,1,FA,11,20.7506165622,0.0212243070957,0.511099072119,0.015097173345
unaltered_nonzero_primary,body_configuration,1,FA,12,43.2025175773,0.0441887351933,0.31085012868,0.00918209116978
unaltered_nonzero_primary,body_configuration,1,FA,13,26.7245676708,0.0273346302527,1.28381852573,0.037922257902
unaltered_nonzero_primary,body_configuration,1,FA,14,56.3031729654,0.0575884494754,0.172469928156,0.00509452774267
unaltered_nonzero_primary,body_configuration,1,FA,15,63.6352094105,0.0650878600439,0.302545903276,0.00893679561503
unaltered_nonzero_primary,body_configuration,1,FA,16,24.4308702709,0.0249885728306,0.753729951383,0.0222641604183
unaltered_nonzero_primary,body_configuration,1,FA,17,44.4125869114,0.0454264277254,1.75550116461,0.0518551232729
unaltered_nonzero_primary,body_configuration,1,FA,18,16.5537002316,0.0169315844776,0.412877686351,0.0121958468351
unaltered_nonzero_primary,body_configuration,1,FA,19,122.717871896,0.125519248618,1.1612969259,0.0343031360291
unaltered_nonzero_primary,body_configuration,1,FA,20,18.307574514,0.0187254958182,1.0725499867,0.0316816718199
unaltered_nonzero_primary,body_configuration,1,FA,21,30.65157825,0.03135128577,0.34932743728,0.0103186586759
unaltered_nonzero_primary,body_configuration,1,FA,22,35.1132408427,0.0359147982198,2.88836934938,0.0853185128493
unaltered_nonzero_primary,body_configuration,1,FA,23,19.279233381,0.0197193355012,0.131575292509,0.00388655567441
unaltered_nonzero_primary,body_configuration,1,FA,24,21.8332766113,0.0223316818714,0.197975569832,0.00584792980241
unaltered_nonzero_primary,body_configuration,1,FA,25,20.6174115213,0.0210880612792,0.899890593126,0.0265815475258
unaltered_nonzero_primary,body_configuration,1,FA,26,41.570182853,0.0425191378892,0.144569244269,0.00427037938461
unaltered_nonzero_primary,body_configuration,1,FA,27,73.3959758528,0.0750714431262,1.05196515464,0.0310736238018
unaltered_nonzero_primary,body_configuration,1,FA,28,42.6510667687,0.0436246959864,2.54007285578,0.0750303068513
unaltered_nonzero_primary,body_configuration,1,FA,29,24.7645915467,0.0253299122226,0.158514234084,0.00468229546902
unaltered_nonzero_primary,body_configuration,1,FA,30,9.26943872131,0.00948103943975,0.530061494665,0.0156572975867
unaltered_nonzero_primary,body_configuration,2,FD,1,17.5706952693,0.00423322100552,7.87228472023,0.0572274078561
unaltered_nonzero_primary,body_configuration,2,FD,2,129.342620612,0.0311618800561,1.26887577847,0.00922406572852
unaltered_nonzero_primary,body_configuration,2,FD,3,114.731736669,0.0276417518045,5.95615425674,0.0432981378365
unaltered_nonzero_primary,body_configuration,2,FD,4,836.744776451,0.201592794687,1.0792838577,0.00784583125641
unaltered_nonzero_primary,body_configuration,2,FD,5,108.544470674,0.0261510843054,3.13137756097,0.022763483182
unaltered_nonzero_primary,body_configuration,2,FD,6,80.4166045869,0.0193743761708,3.72675443109,0.0270915627911
unaltered_nonzero_primary,body_configuration,2,FD,7,96.6020811922,0.0232738632713,3.33011617537,0.0242082093508
unaltered_nonzero_primary,body_configuration,2,FD,8,73.989566427,0.0178259415457,2.16627127343,0.0157476633655
unaltered_nonzero_primary,body_configuration,2,FD,9,47.9867251003,0.0115612051525,1.31946793235,0.00959184432492
unaltered_nonzero_primary,body_configuration,2,FD,10,127.870514391,0.0308072127603,6.36507404939,0.0462707716507
unaltered_nonzero_primary,body_configuration,2,FD,11,270.707068811,0.0652201197773,10.2847930977,0.07476508666
unaltered_nonzero_primary,body_configuration,2,FD,12,190.574946023,0.045914282404,0.63002811919,0.00457997613388
unaltered_nonzero_primary,body_configuration,2,FD,13,225.634670611,0.0543610490403,5.68636631069,0.0413369200488
unaltered_nonzero_primary,body_configuration,2,FD,14,104.113516723,0.0250835564099,3.03598055265,0.0220699966406
unaltered_nonzero_primary,body_configuration,2,FD,15,191.799509473,0.0462093104402,2.13526530894,0.0155222661601
unaltered_nonzero_primary,body_configuration,2,FD,16,120.654124133,0.0290686034248,2.49767968359,0.0181568298184
unaltered_nonzero_primary,body_configuration,2,FD,17,103.148217879,0.0248509917175,3.01156004977,0.0218924723097
unaltered_nonzero_primary,body_configuration,2,FD,18,194.841968235,0.0469423150336,9.75607026559,0.0709215471752
unaltered_nonzero_primary,body_configuration,2,FD,19,144.069670865,0.0347099956842,8.25470312451,0.0600073903861
unaltered_nonzero_primary,body_configuration,2,FD,20,100.249828128,0.0241526969608,7.31100536747,0.0531471994309
unaltered_nonzero_primary,body_configuration,2,FD,21,127.645200981,0.030752929111,1.40347601141,0.010202539285
unaltered_nonzero_primary,body_configuration,2,FD,22,63.3428265714,0.01526087499,3.67984302409,0.0267505413067
unaltered_nonzero_primary,body_configuration,2,FD,23,111.509163362,0.0268653531017,6.43515343253,0.0467802122494
unaltered_nonzero_primary,body_configuration,2,FD,24,106.532130752,0.0256662611668,2.18156780883,0.0158588612072
unaltered_nonzero_primary,body_configuration,2,FD,25,61.9917259521,0.0149353609773,7.28544652929,0.0529613999954
unaltered_nonzero_primary,body_configuration,2,FD,26,106.009279462,0.0255402931824,3.4079809334,0.0247742455682
unaltered_nonzero_primary,body_configuration,2,FD,27,118.130042538,0.0284604888874,5.27641030536,0.0383567535084
unaltered_nonzero_primary,body_configuration,2,FD,28,84.9435786725,0.0204650377239,3.63139197587,0.0263983274328
unaltered_nonzero_primary,body_configuration,2,FD,29,68.53963053,0.0165129153527,7.59405707031,0.055204837819
unaltered_nonzero_primary,body_configuration,2,FD,30,22.4311809147,0.0054042338548,7.84700253199,0.0570436195216
unaltered_nonzero_primary,body_configuration,3,FP,1,15.40551751,0.0199667706639,1.65850306781,0.0396550377685
unaltered_nonzero_primary,body_configuration,3,FP,2,32.2012393801,0.0417353562696,0.258871794431,0.00618966041403
unaltered_nonzero_primary,body_configuration,3,FP,3,13.8723611255,0.0179796785782,0.154811725716,0.00370156977664
unaltered_nonzero_primary,body_configuration,3,FP,4,10.2808039679,0.0133247360847,0.897299851417,0.021454563569
unaltered_nonzero_primary,body_configuration,3,FP,5,12.0147290139,0.0155720402547,3.7845032215,0.0904879955284
unaltered_nonzero_primary,body_configuration,3,FP,6,27.4602923693,0.0355907135056,0.496635078052,0.0118746134147
unaltered_nonzero_primary,body_configuration,3,FP,7,7.0653688345,0.00915727751978,0.710246703034,0.0169820969165
unaltered_nonzero_primary,body_configuration,3,FP,8,16.7179675885,0.0216678098993,0.942319227185,0.022530983071
unaltered_nonzero_primary,body_configuration,3,FP,9,12.7965785068,0.0165853791126,0.335591420939,0.00802403729631
unaltered_nonzero_primary,body_configuration,3,FP,10,34.3255470269,0.044488627205,1.83088678361,0.0437767562588
unaltered_nonzero_primary,body_configuration,3,FP,11,39.1030042179,0.0506805900538,1.8580030181,0.0444251091763
unaltered_nonzero_primary,body_configuration,3,FP,12,16.2697086683,0.0210868308408,0.769713500486,0.0184039562695
unaltered_nonzero_primary,body_configuration,3,FP,13,27.8143755598,0.0360496333605,0.494695529228,0.011828238534
unaltered_nonzero_primary,body_configuration,3,FP,14,20.2706002696,0.0262723031889,0.575934606874,0.0137706761182
unaltered_nonzero_primary,body_configuration,3,FP,15,50.053006611,0.0648726602917,2.09069004686,0.0499886882212
unaltered_nonzero_primary,body_configuration,3,FP,16,23.9121560124,0.0309920478082,1.16917397679,0.0279551115144
unaltered_nonzero_primary,body_configuration,3,FP,17,79.4481325751,0.102971071357,0.475927504068,0.0113794924563
unaltered_nonzero_primary,body_configuration,3,FP,18,30.6982533237,0.0397873673183,2.51482925608,0.060129915384
unaltered_nonzero_primary,body_configuration,3,FP,19,54.7627738365,0.0709768915848,0.517842408764,0.0123816836256
unaltered_nonzero_primary,body_configuration,3,FP,20,19.7115326639,0.025547707299,2.64402806751,0.0632190768369
unaltered_nonzero_primary,body_configuration,3,FP,21,40.8269151027,0.052914915078,0.319540069414,0.00764024726099
unaltered_nonzero_primary,body_configuration,3,FP,22,14.9849120068,0.0194216326238,1.75946859838,0.0420691375709
unaltered_nonzero_primary,body_configuration,3,FP,23,17.4123355598,0.0225677657774,0.638861413018,0.0152752647576
unaltered_nonzero_primary,body_configuration,3,FP,24,19.9610098998,0.025871049553,1.2083319809,0.0288913848094
unaltered_nonzero_primary,body_configuration,3,FP,25,15.795870814,0.0204726994582,0.819403988356,0.019592062708
unaltered_nonzero_primary,body_configuration,3,FP,26,33.9447006742,0.0439950201724,3.82604495879,0.0914812642134
unaltered_nonzero_primary,body_configuration,3,FP,27,14.4993305887,0.0187922806526,1.54996952617,0.0370599857748
unaltered_nonzero_primary,body_configuration,3,FP,28,28.6282923429,0.0371045339659,5.05823715862,0.120943150158
unaltered_nonzero_primary,body_configuration,3,FP,29,30.3422795253,0.0393259970859,0.672743455588,0.0160853890823
unaltered_nonzero_primary,body_configuration,3,FP,30,10.978197583,0.0142286134368,1.7901549095,0.0428028515144
unaltered_nonzero_primary,body_configuration,4,BA,1,12.072517945,0.0179275372361,0.758697757231,0.0398226965851
unaltered_nonzero_primary,body_configuration,4,BA,2,14.3961378446,0.0213780835482,0.807802727029,0.0424001291589
unaltered_nonzero_primary,body_configuration,4,BA,3,7.11402959206,0.0105642444262,0.903803179177,0.0474390222378
unaltered_nonzero_primary,body_configuration,4,BA,4,19.8443252872,0.0294685733443,0.535002784758,0.0280813451293
unaltered_nonzero_primary,body_configuration,4,BA,5,18.48390575,0.0274483674501,0.406605881154,0.0213420199027
unaltered_nonzero_primary,body_configuration,4,BA,6,11.4549969902,0.0170105263887,0.332996089859,0.0174783728094
unaltered_nonzero_primary,body_configuration,4,BA,7,13.4868672605,0.0200278281725,0.563713883422,0.0295883396602
unaltered_nonzero_primary,body_configuration,4,BA,8,11.1664892538,0.0165820960306,0.269188638887,0.0141292331345
unaltered_nonzero_primary,body_configuration,4,BA,9,23.5206906138,0.0349279295934,0.267449654008,0.0140379569095
unaltered_nonzero_primary,body_configuration,4,BA,10,35.2862777084,0.0523996783789,0.710407569977,0.0372880304988
unaltered_nonzero_primary,body_configuration,4,BA,11,29.1781357868,0.043329164486,0.284418951153,0.0149286451514
unaltered_nonzero_primary,body_configuration,4,BA,12,20.8631105164,0.0309814565899,0.449480038695,0.0235924082171
unaltered_nonzero_primary,body_configuration,4,BA,13,30.175283318,0.0448099160224,1.93162133976,0.101387370396
unaltered_nonzero_primary,body_configuration,4,BA,14,25.4035468031,0.037723947342,0.249277995749,0.0130841588702
unaltered_nonzero_primary,body_configuration,4,BA,15,27.2127343636,0.0404105681039,0.143804937069,0.00754806551329
unaltered_nonzero_primary,body_configuration,4,BA,16,14.2284768811,0.0211291091272,0.974530011658,0.0511513479479
unaltered_nonzero_primary,body_configuration,4,BA,17,35.7755356913,0.0531262203271,0.492777780894,0.0258650297373
unaltered_nonzero_primary,body_configuration,4,BA,18,25.1797011145,0.0373915393112,0.813488464421,0.0426985634074
unaltered_nonzero_primary,body_configuration,4,BA,19,18.5094248972,0.0274862630626,0.674488039349,0.0354026781881
unaltered_nonzero_primary,body_configuration,4,BA,20,11.0263938786,0.0163740561612,0.560493105218,0.0294192867376
unaltered_nonzero_primary,body_configuration,4,BA,21,27.4287095553,0.0407312885458,0.234766108298,0.0123224556948
unaltered_nonzero_primary,body_configuration,4,BA,22,15.1368060055,0.022477966447,0.216095103955,0.0113424478672
unaltered_nonzero_primary,body_configuration,4,BA,23,39.8416751208,0.0591643862144,0.333643930921,0.0175123768351
unaltered_nonzero_primary,body_configuration,4,BA,24,19.5147048657,0.0289790911661,0.353824704865,0.0185716297852
unaltered_nonzero_primary,body_configuration,4,BA,25,14.8673513381,0.0220778296567,0.370991065854,0.0194726615579
unaltered_nonzero_primary,body_configuration,4,BA,26,58.3243337576,0.0866109017171,2.29079155707,0.120239576627
unaltered_nonzero_primary,body_configuration,4,BA,27,29.9253574409,0.0444387792399,2.27851892334,0.119595407898
unaltered_nonzero_primary,body_configuration,4,BA,28,23.4279770636,0.0347902511381,0.292795455702,0.0153683129847
unaltered_nonzero_primary,body_configuration,4,BA,29,30.1703516012,0.0448025924851,0.229337417378,0.0120375133587
unaltered_nonzero_primary,body_configuration,4,BA,30,10.3905313363,0.0154298082872,0.321079976449,0.016852917199
unaltered_nonzero_primary,body_configuration,5,BD,1,11.0045686137,0.00604291142454,1.66917368402,0.0401094930363
unaltered_nonzero_primary,body_configuration,5,BD,2,63.1394235246,0.0346715947848,0.57407948267,0.0137948718177
unaltered_nonzero_primary,body_configuration,5,BD,3,106.703514636,0.0585938359122,3.1533904185,0.0757745537463
unaltered_nonzero_primary,body_configuration,5,BD,4,57.0125290268,0.0313071484301,3.19395626926,0.0767493328986
unaltered_nonzero_primary,body_configuration,5,BD,5,35.5640544364,0.019529200862,0.983360281815,0.0236297053766
unaltered_nonzero_primary,body_configuration,5,BD,6,27.4503828968,0.015073760566,0.680100724817,0.016342514591
unaltered_nonzero_primary,body_configuration,5,BD,7,47.1479097944,0.0258902145773,0.956510168149,0.0229845092191
unaltered_nonzero_primary,body_configuration,5,BD,8,92.2357268588,0.0506491755517,1.4847244917,0.0356772618876
unaltered_nonzero_primary,body_configuration,5,BD,9,27.5365589833,0.0151210822263,0.36774339264,0.00883670835904
unaltered_nonzero_primary,body_configuration,5,BD,10,75.8803111806,0.0416679667716,1.24755276854,0.0299781320309
unaltered_nonzero_primary,body_configuration,5,BD,11,69.580303533,0.038208459223,3.79024118019,0.0910777911719
unaltered_nonzero_primary,body_configuration,5,BD,12,68.2408187467,0.0374729112699,0.711764028979,0.0171033695517
unaltered_nonzero_primary,body_configuration,5,BD,13,59.5212668788,0.0326847654144,0.0970213953919,0.00233138050288
unaltered_nonzero_primary,body_configuration,5,BD,14,94.9711573035,0.0521512756763,2.48614551425,0.0597409587425
unaltered_nonzero_primary,body_configuration,5,BD,15,64.9694032636,0.0356764870127,0.39510418273,0.00949417584135
unaltered_nonzero_primary,body_configuration,5,BD,16,75.5786852269,0.041502335661,0.925861355743,0.022248032039
unaltered_nonzero_primary,body_configuration,5,BD,17,77.2712768481,0.042431784293,0.405480670485,0.00974351817602
unaltered_nonzero_primary,body_configuration,5,BD,18,141.92241518,0.0779335032744,2.12558441044,0.0510768375543
unaltered_nonzero_primary,body_configuration,5,BD,19,130.234054505,0.0715151028141,4.25251922154,0.102186124629
unaltered_nonzero_primary,body_configuration,5,BD,20,53.0963947828,0.0291566913614,1.4461637111,0.0347506636697
unaltered_nonzero_primary,body_configuration,5,BD,21,56.1599184213,0.0308389564864,0.59740814564,0.0143554490984
unaltered_nonzero_primary,body_configuration,5,BD,22,55.6745803187,0.0305724439798,2.58487031806,0.0621132713837
unaltered_nonzero_primary,body_configuration,5,BD,23,54.3107326269,0.029823517685,0.41477950298,0.00996696493941
unaltered_nonzero_primary,body_configuration,5,BD,24,39.279079765,0.0215692234916,0.347357919625,0.00834685460939
unaltered_nonzero_primary,body_configuration,5,BD,25,44.0508668002,0.0241895430518,0.34712240797,0.00834119537023
unaltered_nonzero_primary,body_configuration,5,BD,26,50.0461544179,0.0274817204474,0.375969034863,0.00903436684276
unaltered_nonzero_primary,body_configuration,5,BD,27,58.1107631459,0.0319102190036,1.15641053009,0.0277880250258
unaltered_nonzero_primary,body_configuration,5,BD,28,24.4545597297,0.0134286716327,1.58892089689,0.0381810546496
unaltered_nonzero_primary,body_configuration,5,BD,29,50.432623326,0.0276939411589,0.720574793926,0.0173150882714
unaltered_nonzero_primary,body_configuration,5,BD,30,9.49061157338,0.00521155595607,2.53553621066,0.0609277949674
unaltered_nonzero_primary,body_configuration,6,BP,1,14.3734474256,0.0229605977915,2.68909148117,0.0835608144389
unaltered_nonzero_primary,body_configuration,6,BP,2,11.514862495,0.018394204156,1.43846870765,0.0446989690005
unaltered_nonzero_primary,body_configuration,6,BP,3,16.6116745433,0.0265360123106,0.232680668918,0.00723031787319
unaltered_nonzero_primary,body_configuration,6,BP,4,6.2801355327,0.0100320863724,0.863442428937,0.0268306054622
unaltered_nonzero_primary,body_configuration,6,BP,5,18.2842057691,0.0292077663883,2.40752691261,0.0748114785271
unaltered_nonzero_primary,body_configuration,6,BP,6,10.7371320791,0.0171518330851,2.63054154395,0.0817414339998
unaltered_nonzero_primary,body_configuration,6,BP,7,11.8214217042,0.0188839114957,0.881659504603,0.0273966827749
unaltered_nonzero_primary,body_configuration,6,BP,8,10.1247308326,0.0161735640386,0.821416894737,0.0255247042351
unaltered_nonzero_primary,body_configuration,6,BP,9,20.3573896168,0.0325195355877,0.432826546775,0.0134496498213
unaltered_nonzero_primary,body_configuration,6,BP,10,23.4243913686,0.0374188608201,0.908812382478,0.0282404311581
unaltered_nonzero_primary,body_configuration,6,BP,11,14.6968073391,0.0234771431057,0.472006770648,0.0146671358904
unaltered_nonzero_primary,body_configuration,6,BP,12,14.4081800841,0.0230160808346,1.20029163759,0.0372978559874
unaltered_nonzero_primary,body_configuration,6,BP,13,22.9546908022,0.0366685463363,0.201309285335,0.00625548366595
unaltered_nonzero_primary,body_configuration,6,BP,14,17.221433771,0.027510060913,0.449298955364,0.0139615133586
unaltered_nonzero_primary,body_configuration,6,BP,15,26.1101943803,0.0417092471745,0.0455485282741,0.00141537472627
unaltered_nonzero_primary,body_configuration,6,BP,16,13.8283003369,0.0220897626556,1.15828584078,0.0359925680797
unaltered_nonzero_primary,body_configuration,6,BP,17,48.8233158012,0.0779919029697,0.208546622211,0.0064803766337
unaltered_nonzero_primary,body_configuration,6,BP,18,60.2900383103,0.0963092067954,1.01626839345,0.0315795186738
unaltered_nonzero_primary,body_configuration,6,BP,19,23.6937244572,0.037849101982,0.909947650095,0.0282757084581
unaltered_nonzero_primary,body_configuration,6,BP,20,9.01826077242,0.0144060539022,0.561044058326,0.017433880096
unaltered_nonzero_primary,body_configuration,6,BP,21,17.2515620675,0.0275581888032,0.670973485414,0.0208498265309
unaltered_nonzero_primary,body_configuration,6,BP,22,16.8012294367,0.0268388132697,1.93212035561,0.0600386976936
unaltered_nonzero_primary,body_configuration,6,BP,23,11.4283755584,0.0182560471985,1.32883651481,0.0412922588208
unaltered_nonzero_primary,body_configuration,6,BP,24,26.8296869634,0.0428585872963,0.667529508357,0.020742808406
unaltered_nonzero_primary,body_configuration,6,BP,25,13.1825972152,0.0210582961444,0.825441983215,0.0256497798132
unaltered_nonzero_primary,body_configuration,6,BP,26,40.9647856983,0.0654384393793,0.151972059837,0.00472237898222
unaltered_nonzero_primary,body_configuration,6,BP,27,32.0644132336,0.0512207039743,1.71192058275,0.0531962111184
unaltered_nonzero_primary,body_configuration,6,BP,28,20.8017070131,0.0332293021961,2.89207097779,0.0898681982415
unaltered_nonzero_primary,body_configuration,6,BP,29,31.5216542294,0.0503536836398,0.601613959305,0.0186945489841
unaltered_nonzero_primary,body_configuration,6,BP,30,20.5845817023,0.0328824593834,1.86975601643,0.0581007885484
hampel_type_local_high_value,racket,1,FA,1,683.014467238,0.0131149377018,52.1173060882,0.0313945743184
hampel_type_local_high_value,racket,1,FA,2,1883.59307706,0.0361679101193,83.3100536445,0.050184552252
hampel_type_local_high_value,racket,1,FA,3,0.421109470803,8.08595533497e-06,240.872118643,0.145097246914
hampel_type_local_high_value,racket,1,FA,4,1597.42946,0.0306731245908,54.8079534514,0.0330153742973
hampel_type_local_high_value,racket,1,FA,5,2275.59305065,0.0436949179344,239.856515731,0.14448546508
hampel_type_local_high_value,racket,1,FA,6,511.828193284,0.00982789558777,38.6320433978,0.0232712825846
hampel_type_local_high_value,racket,1,FA,7,976.938979849,0.0187587444685,20.7705362845,0.0125118160159
hampel_type_local_high_value,racket,1,FA,8,821.562201923,0.015775269212,17.5267767188,0.0105578307008
hampel_type_local_high_value,racket,1,FA,9,422.078417242,0.00810456061025,25.7171357281,0.0154915629658
hampel_type_local_high_value,racket,1,FA,10,1251.83917264,0.0240372547718,153.822837372,0.0926602478564
hampel_type_local_high_value,racket,1,FA,11,1641.17840404,0.0315131722079,24.497644025,0.0147569620093
hampel_type_local_high_value,racket,1,FA,12,2887.69997688,0.0554483208114,20.7652995245,0.0125086614812
hampel_type_local_high_value,racket,1,FA,13,2217.8775605,0.0425866909581,64.4515683826,0.0388245230884
hampel_type_local_high_value,racket,1,FA,14,3109.40597131,0.0597054199574,10.4808598105,0.00631349079485
hampel_type_local_high_value,racket,1,FA,15,4417.00522548,0.0848133548254,23.4632306262,0.0141338490596
hampel_type_local_high_value,racket,1,FA,16,2145.85000025,0.0412036500259,19.0130985158,0.0114531655448
hampel_type_local_high_value,racket,1,FA,17,1972.79588425,0.0378807424461,59.7320653581,0.0359815751394
hampel_type_local_high_value,racket,1,FA,18,1760.69276059,0.0338080333212,22.1840463694,0.0133632903291
hampel_type_local_high_value,racket,1,FA,19,2273.11357374,0.04364730813,55.0321144479,0.0331504050499
hampel_type_local_high_value,racket,1,FA,20,1091.43819486,0.0209573070814,33.1206375888,0.0199513059346
hampel_type_local_high_value,racket,1,FA,21,1657.84481092,0.0318331930837,16.5507128188,0.00996986649182
hampel_type_local_high_value,racket,1,FA,22,2014.12891891,0.0386744008539,138.631701647,0.0835093673659
hampel_type_local_high_value,racket,1,FA,23,798.228573241,0.0153272273312,9.7050583398,0.00584616125012
hampel_type_local_high_value,racket,1,FA,24,2020.01307271,0.038787385738,23.3968364583,0.0140938543478
hampel_type_local_high_value,racket,1,FA,25,1150.88706951,0.0220988177299,41.4596209217,0.0249745669517
hampel_type_local_high_value,racket,1,FA,26,2304.14055687,0.044243074355,9.23231457035,0.00556138848427
hampel_type_local_high_value,racket,1,FA,27,4328.00116123,0.0831043386716,26.7648289175,0.0161226754343
hampel_type_local_high_value,racket,1,FA,28,1938.93103124,0.0372304847153,61.9112053078,0.0372942517959
hampel_type_local_high_value,racket,1,FA,29,1349.65582158,0.0259154862276,12.0091245095,0.0072340913261
hampel_type_local_high_value,racket,1,FA,30,575.937334014,0.0110588905771,60.2384210224,0.0362865951362
hampel_type_local_high_value,racket,2,FD,1,973.803774689,0.00512383199579,82.9689180072,0.0154256798312
hampel_type_local_high_value,racket,2,FD,2,7326.71108499,0.038550720029,84.4042317947,0.0156925350762
hampel_type_local_high_value,racket,2,FD,3,7441.20208338,0.0391531336322,279.893129769,0.0520380632949
hampel_type_local_high_value,racket,2,FD,4,8490.74006462,0.0446754538664,30.9947090677,0.00576257314214
hampel_type_local_high_value,racket,2,FD,5,4998.26293654,0.0262991993082,157.626623618,0.0293061291771
hampel_type_local_high_value,racket,2,FD,6,3880.47631829,0.0204177774161,164.969278582,0.0306712843136
hampel_type_local_high_value,racket,2,FD,7,4630.22136068,0.0243626867877,179.106792688,0.0332997477365
hampel_type_local_high_value,racket,2,FD,8,4399.46406007,0.0231485185221,136.266548661,0.0253348386581
hampel_type_local_high_value,racket,2,FD,9,3690.49299521,0.0194181482765,91.888268494,0.017083976073
hampel_type_local_high_value,racket,2,FD,10,8378.29430267,0.0440838016179,392.422222755,0.0729596059859
hampel_type_local_high_value,racket,2,FD,11,11312.193314,0.0595210036676,257.140643188,0.0478078939522
hampel_type_local_high_value,racket,2,FD,12,12329.0036675,0.0648711219956,37.9994088183,0.00706489524374
hampel_type_local_high_value,racket,2,FD,13,13850.2540735,0.072875436321,160.708077166,0.0298790366827
hampel_type_local_high_value,racket,2,FD,14,6180.65715796,0.0325205649475,140.025096357,0.0260336323123
hampel_type_local_high_value,racket,2,FD,15,10262.6631347,0.0539987244848,85.5191839743,0.0158998283104
hampel_type_local_high_value,racket,2,FD,16,9170.09657716,0.0482500021747,29.6007390351,0.00550340457716
hampel_type_local_high_value,racket,2,FD,17,6174.0315596,0.0324857032498,40.5152385763,0.007532641302
hampel_type_local_high_value,racket,2,FD,18,11904.1499218,0.0626356827087,468.121052087,0.0870336222912
hampel_type_local_high_value,racket,2,FD,19,6000.43856629,0.0315723145811,427.173936264,0.0794206858583
hampel_type_local_high_value,racket,2,FD,20,4212.34704218,0.0221639709283,263.886941428,0.0490621737378
hampel_type_local_high_value,racket,2,FD,21,5408.63285945,0.0284584295307,37.0168634933,0.00688221924932
hampel_type_local_high_value,racket,2,FD,22,3032.50036248,0.0159560096072,177.272901795,0.0329587885623
hampel_type_local_high_value,racket,2,FD,23,5926.4042976,0.0311827708511,279.831468061,0.0520265990769
hampel_type_local_high_value,racket,2,FD,24,6835.19373736,0.0359645190121,99.0859135756,0.0184221707998
hampel_type_local_high_value,racket,2,FD,25,3418.69788762,0.017988052702,339.332385245,0.0630890803072
hampel_type_local_high_value,racket,2,FD,26,5400.40454297,0.0284151348626,146.934304977,0.0273182005892
hampel_type_local_high_value,racket,2,FD,27,5468.6352843,0.0287741423594,146.019021681,0.0271480300313
hampel_type_local_high_value,racket,2,FD,28,3617.78753748,0.0190355963083,97.1462555825,0.0180615472807
hampel_type_local_high_value,racket,2,FD,29,3772.95076027,0.0198520136464,446.157597282,0.0829501506739
hampel_type_local_high_value,racket,2,FD,30,1567.09523912,0.00824553460909,98.5953566482,0.0183309658729
hampel_type_local_high_value,racket,3,FP,1,325.325418504,0.0151717034503,15.2022738518,0.0295113415413
hampel_type_local_high_value,racket,3,FP,2,1056.70555765,0.0492799592133,19.2916881751,0.0374498975741
hampel_type_local_high_value,racket,3,FP,3,552.603723565,0.025770933787,8.1755049417,0.0158706599394
hampel_type_local_high_value,racket,3,FP,4,351.866207211,0.0164094455777,13.6725820894,0.0265418347101
hampel_type_local_high_value,racket,3,FP,5,1115.81244602,0.0520364366703,39.3194848809,0.0763287623197
hampel_type_local_high_value,racket,3,FP,6,1208.87462867,0.056376435199,22.3874102075,0.0434594531911
hampel_type_local_high_value,racket,3,FP,7,598.704941613,0.0279208857094,12.4469569913,0.0241625958394
hampel_type_local_high_value,racket,3,FP,8,902.532742353,0.0420900376742,30.8546252866,0.0598963940422
hampel_type_local_high_value,racket,3,FP,9,401.811068389,0.0187386476,10.9752075671,0.0213055692956
hampel_type_local_high_value,racket,3,FP,10,618.854303671,0.0288605606578,13.6003747132,0.0264016624858
hampel_type_local_high_value,racket,3,FP,11,943.825696666,0.0440157539625,32.7250589605,0.0635273644825
hampel_type_local_high_value,racket,3,FP,12,303.764053575,0.0141661790859,11.6267909977,0.0225704525197
hampel_type_local_high_value,racket,3,FP,13,645.778192959,0.0301161688605,8.28661822625,0.0160863580726
hampel_type_local_high_value,racket,3,FP,14,663.469192829,0.0309411969354,19.4120953111,0.0376836373522
hampel_type_local_high_value,racket,3,FP,15,1420.8624909,0.0662625885635,5.6223061612,0.0109142749954
hampel_type_local_high_value,racket,3,FP,16,1110.33355543,0.0517809260381,6.6756889409,0.0129591492878
hampel_type_local_high_value,racket,3,FP,17,598.237554268,0.0278990888813,6.86614672888,0.0133288745595
hampel_type_local_high_value,racket,3,FP,18,321.789420027,0.0150068005032,9.7618675959,0.0189501788688
hampel_type_local_high_value,racket,3,FP,19,1115.13812787,0.0520049895273,14.8024078362,0.0287351035475
hampel_type_local_high_value,racket,3,FP,20,443.319171866,0.0206743974705,8.29308170783,0.0160989052754
hampel_type_local_high_value,racket,3,FP,21,1363.09673605,0.0635686554977,5.78947200343,0.0112387848886
hampel_type_local_high_value,racket,3,FP,22,410.309391955,0.0191349709047,20.8060780251,0.0403896996411
hampel_type_local_high_value,racket,3,FP,23,541.705079632,0.0252626704163,22.2894644563,0.0432693164692
hampel_type_local_high_value,racket,3,FP,24,483.511680088,0.0225487939393,3.31739939798,0.00643988574455
hampel_type_local_high_value,racket,3,FP,25,228.30501364,0.0106471113727,6.35331427028,0.0123333409974
hampel_type_local_high_value,racket,3,FP,26,1164.59293233,0.0543113375245,13.6585971252,0.0265146864651
hampel_type_local_high_value,racket,3,FP,27,27.847510552,0.00129868171343,72.0580249099,0.139882296862
hampel_type_local_high_value,racket,3,FP,28,1102.78115306,0.0514287162122,33.0109031088,0.0640822580707
hampel_type_local_high_value,racket,3,FP,29,1242.00629247,0.0579215458768,8.2356990317,0.0159875114293
hampel_type_local_high_value,racket,3,FP,30,179.142214388,0.0083543811751,19.6161458734,0.0380797495321
hampel_type_local_high_value,racket,4,BA,1,528.085764682,0.00761002929582,18.4112999047,0.0234129887843
hampel_type_local_high_value,racket,4,BA,2,2648.96345552,0.0381731355933,10.0881660035,0.0128287583558
hampel_type_local_high_value,racket,4,BA,3,2994.84687505,0.0431575209557,113.992136598,0.144959705696
hampel_type_local_high_value,racket,4,BA,4,2189.16583904,0.0315471790431,18.2261400245,0.0231775276152
hampel_type_local_high_value,racket,4,BA,5,1858.19210131,0.0267776510446,27.1484534505,0.0345237131239
hampel_type_local_high_value,racket,4,BA,6,610.891565301,0.00880331002922,18.0138249486,0.0229075341593
hampel_type_local_high_value,racket,4,BA,7,976.63824374,0.0140739367416,11.6401128945,0.0148023134737
hampel_type_local_high_value,racket,4,BA,8,980.028500541,0.0141227923543,12.2309571623,0.0155536689069
hampel_type_local_high_value,racket,4,BA,9,995.181981867,0.014341163014,9.35284396945,0.0118936757367
hampel_type_local_high_value,racket,4,BA,10,4410.40639265,0.0635565737599,38.4898048815,0.0489461023753
hampel_type_local_high_value,racket,4,BA,11,2199.55701933,0.0316969221183,17.6183562862,0.0224046308659
hampel_type_local_high_value,racket,4,BA,12,3035.20607899,0.0437391210383,19.5797508944,0.024898865939
hampel_type_local_high_value,racket,4,BA,13,4082.70369947,0.0588341834547,70.7510516959,0.0899715711767
hampel_type_local_high_value,racket,4,BA,14,2116.96711633,0.0305067525978,18.8078467776,0.0239172631992
hampel_type_local_high_value,racket,4,BA,15,3732.77234221,0.0537914649072,6.54956053204,0.00832884087883
hampel_type_local_high_value,racket,4,BA,16,2530.26362035,0.0364626005183,10.3657208652,0.0131817149042
hampel_type_local_high_value,racket,4,BA,17,7602.3505359,0.10955438333,4.74559077275,0.00603479733166
hampel_type_local_high_value,racket,4,BA,18,2718.92881329,0.0391813779242,76.4071018647,0.09716416702
hampel_type_local_high_value,racket,4,BA,19,2095.48911766,0.0301972418895,39.6612397218,0.0504357739857
hampel_type_local_high_value,racket,4,BA,20,802.13067635,0.0115591791227,16.0151983556,0.0203659525085
hampel_type_local_high_value,racket,4,BA,21,1434.13155095,0.0206666868275,11.6213055329,0.0147783968274
hampel_type_local_high_value,racket,4,BA,22,2151.40792044,0.0310030650261,6.52468323237,0.00829720531039
hampel_type_local_high_value,racket,4,BA,23,1391.31650306,0.0200496965761,25.1277075033,0.0319540030847
hampel_type_local_high_value,racket,4,BA,24,3242.77225711,0.0467302728585,16.9503081781,0.021555098082
hampel_type_local_high_value,racket,4,BA,25,2009.44617573,0.0289573120284,35.4409050638,0.0450689259888
hampel_type_local_high_value,racket,4,BA,26,2732.64490572,0.0393790349568,19.0391274474,0.0242113745197
hampel_type_local_high_value,racket,4,BA,27,2254.59142827,0.032490000615,57.6148957102,0.0732667934394
hampel_type_local_high_value,racket,4,BA,28,1414.56664421,0.0203847449094,21.4165165153,0.0272346148054
hampel_type_local_high_value,racket,4,BA,29,3332.36254726,0.0480213221127,26.0303954848,0.0331019189678
hampel_type_local_high_value,racket,4,BA,30,321.384775152,0.00463134535659,8.51018998944,0.0108221029371
hampel_type_local_high_value,racket,5,BD,1,1139.39017601,0.00575744474319,21.2843116858,0.0104626439144
hampel_type_local_high_value,racket,5,BD,2,7910.69531475,0.0399734806513,29.3790474895,0.0144417407978
hampel_type_local_high_value,racket,5,BD,3,10851.1827722,0.0548320378082,98.3649053211,0.0483528428469
hampel_type_local_high_value,racket,5,BD,4,3657.05677507,0.0184794486986,154.235507966,0.0758169313919
hampel_type_local_high_value,racket,5,BD,5,4923.3351563,0.0248780713679,83.9632042154,0.0412734562707
hampel_type_local_high_value,racket,5,BD,6,2714.90015748,0.013718643507,63.7638372008,0.0313441342664
hampel_type_local_high_value,racket,5,BD,7,4323.48939323,0.0218469948254,86.8217336085,0.0426786121245
hampel_type_local_high_value,racket,5,BD,8,8843.24149996,0.0446857234325,101.433281031,0.0498611520146
hampel_type_local_high_value,racket,5,BD,9,4269.39979794,0.0215736750596,61.3486661889,0.0301569183177
hampel_type_local_high_value,racket,5,BD,10,7238.45098424,0.0365765674004,66.0446935455,0.0324653256916
hampel_type_local_high_value,racket,5,BD,11,8325.75033326,0.0420707923403,235.609673009,0.115817704038
hampel_type_local_high_value,racket,5,BD,12,8957.10969883,0.0452611100532,44.6177813724,0.0219325842264
hampel_type_local_high_value,racket,5,BD,13,8295.11651431,0.0419159967983,7.66705630233,0.00376886418255
hampel_type_local_high_value,racket,5,BD,14,8380.66687878,0.0423482907627,137.707252118,0.0676922028114
hampel_type_local_high_value,racket,5,BD,15,9613.38404966,0.0485773255084,28.5036258934,0.0140114133073
hampel_type_local_high_value,racket,5,BD,16,9015.77581202,0.0455575553904,18.8346435978,0.00925847037607
hampel_type_local_high_value,racket,5,BD,17,10720.2050138,0.0541701949891,12.6838579702,0.00623495330091
hampel_type_local_high_value,racket,5,BD,18,16069.1649739,0.0811989881558,26.0797595456,0.0128199230272
hampel_type_local_high_value,racket,5,BD,19,4725.52220313,0.0238785040806,60.7122453566,0.0298440754762
hampel_type_local_high_value,racket,5,BD,20,3323.77558879,0.0167953478047,22.8935144088,0.0112536732568
hampel_type_local_high_value,racket,5,BD,21,4658.63981778,0.0235405411545,73.0645914112,0.0359160687915
hampel_type_local_high_value,racket,5,BD,22,6152.34840227,0.0310883898359,205.198886244,0.100868795294
hampel_type_local_high_value,racket,5,BD,23,6484.75157433,0.0327680540422,24.029094894,0.0118118860113
hampel_type_local_high_value,racket,5,BD,24,6473.70073204,0.0327122131062,56.6563034801,0.02785031236
hampel_type_local_high_value,racket,5,BD,25,5511.00983229,0.0278476462732,25.4151296831,0.0124932135855
hampel_type_local_high_value,racket,5,BD,26,5328.88926665,0.0269273740826,23.0859192335,0.0113482529265
hampel_type_local_high_value,racket,5,BD,27,8122.38392046,0.041043162904,22.5490644258,0.0110843533572
hampel_type_local_high_value,racket,5,BD,28,3002.44361273,0.0151716273835,69.4083589199,0.0341187892181
hampel_type_local_high_value,racket,5,BD,29,8211.70249029,0.0414944979613,27.5333314219,0.0135344495371
hampel_type_local_high_value,racket,5,BD,30,655.103666653,0.00331029987904,145.425553391,0.0714862572795
hampel_type_local_high_value,racket,6,BP,1,311.800480994,0.0116840706629,21.9411485463,0.0451076632909
hampel_type_local_high_value,racket,6,BP,2,781.075058408,0.029269153615,14.4351859312,0.0296765461094
hampel_type_local_high_value,racket,6,BP,3,1722.49184072,0.0645467778594,6.00057681424,0.012336273004
hampel_type_local_high_value,racket,6,BP,4,438.166224905,0.0164193625281,28.7150934007,0.0590338633255
hampel_type_local_high_value,racket,6,BP,5,866.2150484,0.0324595966064,21.5223733617,0.0442467252238
hampel_type_local_high_value,racket,6,BP,6,601.186271944,0.0225281977133,18.1502202127,0.0373140913879
hampel_type_local_high_value,racket,6,BP,7,740.385890229,0.0277444121691,21.7856876903,0.0447880594228
hampel_type_local_high_value,racket,6,BP,8,1546.09965479,0.0579368497468,50.3052923743,0.103420027688
hampel_type_local_high_value,racket,6,BP,9,657.983252347,0.0246565457208,6.14687421562,0.0126370382036
hampel_type_local_high_value,racket,6,BP,10,948.792888159,0.0355540283784,10.7823076611,0.0221667841338
hampel_type_local_high_value,racket,6,BP,11,869.699435806,0.0325901667342,13.9137969181,0.0286046496224
hampel_type_local_high_value,racket,6,BP,12,330.640178262,0.0123900489007,13.7327622818,0.0282324699527
hampel_type_local_high_value,racket,6,BP,13,1139.55290243,0.042702360797,8.05646327797,0.0165628627914
hampel_type_local_high_value,racket,6,BP,14,808.349990605,0.0302912246333,4.72568735723,0.00971529424168
hampel_type_local_high_value,racket,6,BP,15,2020.18907609,0.0757023589,10.5329053811,0.0216540509902
hampel_type_local_high_value,racket,6,BP,16,816.124130349,0.0305825442548,15.9874518717,0.0328677687216
hampel_type_local_high_value,racket,6,BP,17,802.584777463,0.030075185333,7.10794575608,0.0146128550736
hampel_type_local_high_value,racket,6,BP,18,1159.65158216,0.0434555167686,25.6896535894,0.0528140193629
hampel_type_local_high_value,racket,6,BP,19,730.601607342,0.027377766639,5.22511107583,0.0107420334249
hampel_type_local_high_value,racket,6,BP,20,417.121368567,0.0156307505678,4.1481303976,0.00852792500204
hampel_type_local_high_value,racket,6,BP,21,708.802648073,0.0265608962491,11.3330606652,0.0232990485189
hampel_type_local_high_value,racket,6,BP,22,729.086385102,0.0273209868558,10.7046347449,0.0220071004353
hampel_type_local_high_value,racket,6,BP,23,597.676454366,0.0223966746429,25.4848362143,0.0523929460007
hampel_type_local_high_value,racket,6,BP,24,654.346908601,0.024520281347,8.67482744659,0.0178341254443
hampel_type_local_high_value,racket,6,BP,25,319.063378734,0.0119562325599,4.79508815108,0.00985797171523
hampel_type_local_high_value,racket,6,BP,26,2123.95430511,0.0795907437555,13.9273839702,0.0286325825343
hampel_type_local_high_value,racket,6,BP,27,1263.42776309,0.047344312024,28.9195501682,0.0594541953334
hampel_type_local_high_value,racket,6,BP,28,1308.17848975,0.049021251876,49.250147616,0.101250810595
hampel_type_local_high_value,racket,6,BP,29,939.757615702,0.0352154504471,9.19049795806,0.0188942655619
hampel_type_local_high_value,racket,6,BP,30,332.940581906,0.0124762517143,15.2326217776,0.0313159528879
hampel_type_local_high_value,body_configuration,1,FA,1,11.2330799995,0.0122498212323,0.460370952964,0.0136149119807
hampel_type_local_high_value,body_configuration,1,FA,2,23.0103579979,0.0250930975278,0.953179028394,0.0281891124753
hampel_type_local_high_value,body_configuration,1,FA,3,39.7123890085,0.0433068816461,1.36420623511,0.0403447430707
hampel_type_local_high_value,body_configuration,1,FA,4,25.2315314408,0.0275153163317,1.49491394742,0.0442102649654
hampel_type_local_high_value,body_configuration,1,FA,5,46.6433482884,0.0508651837459,7.41802666145,0.219379132015
hampel_type_local_high_value,body_configuration,1,FA,6,9.39101284643,0.0102410228151,0.93632289034,0.027690612658
hampel_type_local_high_value,body_configuration,1,FA,7,19.123016782,0.0208539008901,0.598016978578,0.0176856260672
hampel_type_local_high_value,body_configuration,1,FA,8,12.4747901505,0.0136039224558,0.542852526307,0.0160542043685
hampel_type_local_high_value,body_configuration,1,FA,9,7.06199551027,0.0077011988295,0.928942857875,0.0274723571582
hampel_type_local_high_value,body_configuration,1,FA,10,19.6067968146,0.0213814693678,2.51726779738,0.0744451388007
hampel_type_local_high_value,body_configuration,1,FA,11,20.7506165622,0.0226288198213,0.509873806427,0.0150788987687
hampel_type_local_high_value,body_configuration,1,FA,12,43.2025175773,0.0471129126765,0.310494489175,0.00918249753465
hampel_type_local_high_value,body_configuration,1,FA,13,26.7245676708,0.0291434919445,1.28427405672,0.0379808459436
hampel_type_local_high_value,body_configuration,1,FA,14,56.3031729654,0.0613993493918,0.171865235101,0.00508270566026
hampel_type_local_high_value,body_configuration,1,FA,15,63.6352094105,0.0693950314064,0.302845090364,0.00895627585224
hampel_type_local_high_value,body_configuration,1,FA,16,24.4308702709,0.0266421848131,0.753561155668,0.0222856562528
hampel_type_local_high_value,body_configuration,1,FA,17,44.4125869114,0.0484325091739,1.75520852428,0.0519081610429
hampel_type_local_high_value,body_configuration,1,FA,18,16.5537002316,0.0180520274563,0.412977804927,0.0122133171693
hampel_type_local_high_value,body_configuration,1,FA,19,70.0443731418,0.0763843086091,1.12797049172,0.0333583577824
hampel_type_local_high_value,body_configuration,1,FA,20,18.307574514,0.0199646503899,1.0723073723,0.0317121886083
hampel_type_local_high_value,body_configuration,1,FA,21,30.65157825,0.0334259485436,0.349687913203,0.0103415954641
hampel_type_local_high_value,body_configuration,1,FA,22,35.1132408427,0.0382914501835,2.88822572181,0.0854157690224
hampel_type_local_high_value,body_configuration,1,FA,23,19.279233381,0.0210242571425,0.130913835359,0.00387161773349
hampel_type_local_high_value,body_configuration,1,FA,24,21.8332766113,0.0238094748204,0.198132533179,0.00585952910882
hampel_type_local_high_value,body_configuration,1,FA,25,20.6174115213,0.0224835579751,0.901585446402,0.0266632949295
hampel_type_local_high_value,body_configuration,1,FA,26,41.570182853,0.0453328302268,0.144361416219,0.00426931361021
hampel_type_local_high_value,body_configuration,1,FA,27,73.3959758528,0.0800392753727,1.05252664251,0.0311271975411
hampel_type_local_high_value,body_configuration,1,FA,28,42.6510667687,0.0465115483291,2.54314012744,0.0752102815497
hampel_type_local_high_value,body_configuration,1,FA,29,24.7645915467,0.0270061122462,0.158041930628,0.00467389821385
hampel_type_local_high_value,body_configuration,1,FA,30,9.26943872131,0.0101084446353,0.531636183612,0.0157224946514
hampel_type_local_high_value,body_configuration,2,FD,1,17.5706952693,0.00491325461979,7.86208670375,0.0572737187578
hampel_type_local_high_value,body_configuration,2,FD,2,129.342620612,0.0361677906604,1.26644197924,0.00922577484515
hampel_type_local_high_value,body_configuration,2,FD,3,114.731736669,0.0320821815292,5.95432008448,0.0433760230283
hampel_type_local_high_value,body_configuration,2,FD,4,270.823697844,0.0757298310732,0.804087578583,0.0058576161225
hampel_type_local_high_value,body_configuration,2,FD,5,108.544470674,0.0303520500367,3.13319260032,0.0228246772856
hampel_type_local_high_value,body_configuration,2,FD,6,75.6717799687,0.0211599323089,3.71871283213,0.0270900742912
hampel_type_local_high_value,body_configuration,2,FD,7,96.6020811922,0.0270126261041,3.33276673238,0.0242785346573
hampel_type_local_high_value,body_configuration,2,FD,8,73.989566427,0.0206895386604,2.16271966259,0.0157549773202
hampel_type_local_high_value,body_configuration,2,FD,9,47.9867251003,0.0134184217058,1.31809942279,0.00960208892119
hampel_type_local_high_value,body_configuration,2,FD,10,127.870514391,0.0357561488568,6.37263439613,0.0464233585692
hampel_type_local_high_value,body_configuration,2,FD,11,270.707068811,0.0756972183548,10.2888516302,0.0749522126648
hampel_type_local_high_value,body_configuration,2,FD,12,190.574946023,0.0532900502577,0.628999288749,0.0045821331817
hampel_type_local_high_value,body_configuration,2,FD,13,225.634670611,0.0630937234285,5.69302270383,0.0414725242174
hampel_type_local_high_value,body_configuration,2,FD,14,104.113516723,0.0291130321926,3.03046154407,0.0220763022238
hampel_type_local_high_value,body_configuration,2,FD,15,191.799509473,0.0536324722242,2.1314860333,0.0155274466191
hampel_type_local_high_value,body_configuration,2,FD,16,120.654124133,0.0337382456247,2.48981452091,0.0181377975089
hampel_type_local_high_value,body_configuration,2,FD,17,103.148217879,0.028843107814,3.00166619064,0.0218665338714
hampel_type_local_high_value,body_configuration,2,FD,18,194.841968235,0.0544832282326,9.77147034794,0.0711831941882
hampel_type_local_high_value,body_configuration,2,FD,19,144.069670865,0.0402858831198,8.25343575224,0.0601246177855
hampel_type_local_high_value,body_configuration,2,FD,20,100.249828128,0.0280326375043,7.30476147972,0.0532137167074
hampel_type_local_high_value,body_configuration,2,FD,21,127.645200981,0.0356931449669,1.4030352208,0.0102208291095
hampel_type_local_high_value,body_configuration,2,FD,22,63.3428265714,0.0177124143645,3.67473356051,0.0267696941518
hampel_type_local_high_value,body_configuration,2,FD,23,111.509163362,0.0311810604897,6.44558303759,0.0469547747354
hampel_type_local_high_value,body_configuration,2,FD,24,106.532130752,0.0297893438793,2.1792280572,0.0158752376513
hampel_type_local_high_value,body_configuration,2,FD,25,61.9917259521,0.0173346090895,7.29157372771,0.0531176465891
hampel_type_local_high_value,body_configuration,2,FD,26,106.009279462,0.0296431401304,3.41637155819,0.0248875789811
hampel_type_local_high_value,body_configuration,2,FD,27,118.130042538,0.0330324422763,5.28279589255,0.0384841044885
hampel_type_local_high_value,body_configuration,2,FD,28,81.1239261785,0.0226845038835,3.63259678699,0.0264627362401
hampel_type_local_high_value,body_configuration,2,FD,29,68.53963053,0.0191655851507,7.59077322413,0.0552972546825
hampel_type_local_high_value,body_configuration,2,FD,30,22.4311809147,0.00627238146057,7.8364307917,0.0570868206038
hampel_type_local_high_value,body_configuration,3,FP,1,15.40551751,0.0203606576531,1.65802691761,0.0396468905413
hampel_type_local_high_value,body_configuration,3,FP,2,32.2012393801,0.0425586748772,0.258577835755,0.00618313674024
hampel_type_local_high_value,body_configuration,3,FP,3,13.8723611255,0.0183343659526,0.154704112822,0.00369929882452
hampel_type_local_high_value,body_configuration,3,FP,4,10.2808039679,0.0135875948246,0.896820329764,0.0214448493397
hampel_type_local_high_value,body_configuration,3,FP,5,12.0147290139,0.0158792318459,3.78324110233,0.0904652055297
hampel_type_local_high_value,body_configuration,3,FP,6,12.5341253818,0.0165656905531,0.493333608041,0.0117966381309
hampel_type_local_high_value,body_configuration,3,FP,7,7.0653688345,0.00933792428193,0.709519075137,0.0169660846939
hampel_type_local_high_value,body_configuration,3,FP,8,16.7179675885,0.0220952535028,0.941632583851,0.0225164040376
hampel_type_local_high_value,body_configuration,3,FP,9,12.7965785068,0.0169125609666,0.335602669651,0.00802496157795
hampel_type_local_high_value,body_configuration,3,FP,10,34.3255470269,0.0453662599337,1.83230996985,0.0438143627469
hampel_type_local_high_value,body_configuration,3,FP,11,39.1030042179,0.0516803724102,1.85881813547,0.0444482284155
hampel_type_local_high_value,body_configuration,3,FP,12,16.2697086683,0.0215028133976,0.770182146637,0.0184166655802
hampel_type_local_high_value,body_configuration,3,FP,13,27.8143755598,0.0367607889992,0.494740995393,0.0118302917053
hampel_type_local_high_value,body_configuration,3,FP,14,20.2706002696,0.026790580209,0.576328038885,0.0137812085141
hampel_type_local_high_value,body_configuration,3,FP,15,50.053006611,0.0661524113977,2.09198312445,0.0500236908512
hampel_type_local_high_value,body_configuration,3,FP,16,23.9121560124,0.0316034318224,1.16836383147,0.0279380222641
hampel_type_local_high_value,body_configuration,3,FP,17,79.4481325751,0.105002394596,0.476542459478,0.0113951266584
hampel_type_local_high_value,body_configuration,3,FP,18,30.6982533237,0.0405722577036,2.51469886191,0.0601317080343
hampel_type_local_high_value,body_configuration,3,FP,19,54.7627738365,0.0723770616272,0.517143010526,0.0123659707299
hampel_type_local_high_value,body_configuration,3,FP,20,19.7115326639,0.0260516901251,2.64300172075,0.0631996976709
hampel_type_local_high_value,body_configuration,3,FP,21,40.8269151027,0.0539587742444,0.319384312169,0.00763714673789
hampel_type_local_high_value,body_configuration,3,FP,22,14.9849120068,0.0198047656065,1.7598616232,0.0420819712887
hampel_type_local_high_value,body_configuration,3,FP,23,17.4123355598,0.0230129629234,0.639470707337,0.0152910817484
hampel_type_local_high_value,body_configuration,3,FP,24,19.9610098998,0.0263814109923,1.20822496081,0.0288911852164
hampel_type_local_high_value,body_configuration,3,FP,25,15.795870814,0.0208765669681,0.819014133216,0.0195843404872
hampel_type_local_high_value,body_configuration,3,FP,26,33.9447006742,0.0448629154533,3.82638975528,0.0914969800458
hampel_type_local_high_value,body_configuration,3,FP,27,14.4993305887,0.01916299833,1.55005979797,0.037065170951
hampel_type_local_high_value,body_configuration,3,FP,28,28.6282923429,0.0378364997612,5.05936962295,0.120980106848
hampel_type_local_high_value,body_configuration,3,FP,29,30.3422795253,0.0401017859627,0.672931980435,0.0160912107558
hampel_type_local_high_value,body_configuration,3,FP,30,10.978197583,0.0145093030787,1.78957011025,0.0427923633346
hampel_type_local_high_value,body_configuration,4,BA,1,12.072517945,0.0179275372361,0.758697757231,0.0398226965851
hampel_type_local_high_value,body_configuration,4,BA,2,14.3961378446,0.0213780835482,0.807802727029,0.0424001291589
hampel_type_local_high_value,body_configuration,4,BA,3,7.11402959206,0.0105642444262,0.903803179177,0.0474390222378
hampel_type_local_high_value,body_configuration,4,BA,4,19.8443252872,0.0294685733443,0.535002784758,0.0280813451293
hampel_type_local_high_value,body_configuration,4,BA,5,18.48390575,0.0274483674501,0.406605881154,0.0213420199027
hampel_type_local_high_value,body_configuration,4,BA,6,11.4549969902,0.0170105263887,0.332996089859,0.0174783728094
hampel_type_local_high_value,body_configuration,4,BA,7,13.4868672605,0.0200278281725,0.563713883422,0.0295883396602
hampel_type_local_high_value,body_configuration,4,BA,8,11.1664892538,0.0165820960306,0.269188638887,0.0141292331345
hampel_type_local_high_value,body_configuration,4,BA,9,23.5206906138,0.0349279295934,0.267449654008,0.0140379569095
hampel_type_local_high_value,body_configuration,4,BA,10,35.2862777084,0.0523996783789,0.710407569977,0.0372880304988
hampel_type_local_high_value,body_configuration,4,BA,11,29.1781357868,0.043329164486,0.284418951153,0.0149286451514
hampel_type_local_high_value,body_configuration,4,BA,12,20.8631105164,0.0309814565899,0.449480038695,0.0235924082171
hampel_type_local_high_value,body_configuration,4,BA,13,30.175283318,0.0448099160224,1.93162133976,0.101387370396
hampel_type_local_high_value,body_configuration,4,BA,14,25.4035468031,0.037723947342,0.249277995749,0.0130841588702
hampel_type_local_high_value,body_configuration,4,BA,15,27.2127343636,0.0404105681039,0.143804937069,0.00754806551329
hampel_type_local_high_value,body_configuration,4,BA,16,14.2284768811,0.0211291091272,0.974530011658,0.0511513479479
hampel_type_local_high_value,body_configuration,4,BA,17,35.7755356913,0.0531262203271,0.492777780894,0.0258650297373
hampel_type_local_high_value,body_configuration,4,BA,18,25.1797011145,0.0373915393112,0.813488464421,0.0426985634074
hampel_type_local_high_value,body_configuration,4,BA,19,18.5094248972,0.0274862630626,0.674488039349,0.0354026781881
hampel_type_local_high_value,body_configuration,4,BA,20,11.0263938786,0.0163740561612,0.560493105218,0.0294192867376
hampel_type_local_high_value,body_configuration,4,BA,21,27.4287095553,0.0407312885458,0.234766108298,0.0123224556948
hampel_type_local_high_value,body_configuration,4,BA,22,15.1368060055,0.022477966447,0.216095103955,0.0113424478672
hampel_type_local_high_value,body_configuration,4,BA,23,39.8416751208,0.0591643862144,0.333643930921,0.0175123768351
hampel_type_local_high_value,body_configuration,4,BA,24,19.5147048657,0.0289790911661,0.353824704865,0.0185716297852
hampel_type_local_high_value,body_configuration,4,BA,25,14.8673513381,0.0220778296567,0.370991065854,0.0194726615579
hampel_type_local_high_value,body_configuration,4,BA,26,58.3243337576,0.0866109017171,2.29079155707,0.120239576627
hampel_type_local_high_value,body_configuration,4,BA,27,29.9253574409,0.0444387792399,2.27851892334,0.119595407898
hampel_type_local_high_value,body_configuration,4,BA,28,23.4279770636,0.0347902511381,0.292795455702,0.0153683129847
hampel_type_local_high_value,body_configuration,4,BA,29,30.1703516012,0.0448025924851,0.229337417378,0.0120375133587
hampel_type_local_high_value,body_configuration,4,BA,30,10.3905313363,0.0154298082872,0.321079976449,0.016852917199
hampel_type_local_high_value,body_configuration,5,BD,1,11.0045686137,0.00604456292656,1.66900236916,0.0401034931535
hampel_type_local_high_value,body_configuration,5,BD,2,62.6418686336,0.034407774633,0.575968604825,0.0138396166639
hampel_type_local_high_value,body_configuration,5,BD,3,106.703514636,0.0586098493586,3.15362747774,0.0757766916928
hampel_type_local_high_value,body_configuration,5,BD,4,57.0125290268,0.0313157045407,3.19407060455,0.0767484762085
hampel_type_local_high_value,body_configuration,5,BD,5,35.5640544364,0.0195345381096,0.98333954339,0.0236280974639
hampel_type_local_high_value,body_configuration,5,BD,6,27.4503828968,0.0150778801607,0.680083685063,0.0163413377427
hampel_type_local_high_value,body_configuration,5,BD,7,47.1479097944,0.025897290263,0.95637701809,0.0229802305293
hampel_type_local_high_value,body_configuration,5,BD,8,92.2357268588,0.0506630177562,1.48467583345,0.0356744173779
hampel_type_local_high_value,body_configuration,5,BD,9,27.5365589833,0.0151252147538,0.367600283701,0.00883285472391
hampel_type_local_high_value,body_configuration,5,BD,10,75.8803111806,0.0416793544498,1.24750097478,0.0299754797989
hampel_type_local_high_value,body_configuration,5,BD,11,69.580303533,0.0382189014325,3.79044817299,0.0910784880618
hampel_type_local_high_value,body_configuration,5,BD,12,68.2408187467,0.0374831524573,0.711835806469,0.0171042911135
hampel_type_local_high_value,body_configuration,5,BD,13,59.5212668788,0.0326936980219,0.0970631323936,0.00233227390047
hampel_type_local_high_value,body_configuration,5,BD,14,94.9711573035,0.0521655283983,2.48612117031,0.0597375684869
hampel_type_local_high_value,body_configuration,5,BD,15,64.9694032636,0.035686237245,0.395096550125,0.00949354661547
hampel_type_local_high_value,body_configuration,5,BD,16,75.5786852269,0.041513678073,0.925796597613,0.0222454312828
hampel_type_local_high_value,body_configuration,5,BD,17,77.2712768481,0.0424433807194,0.405451756998,0.00974236589554
hampel_type_local_high_value,body_configuration,5,BD,18,141.92241518,0.0779548021697,2.12568931695,0.0510769598318
hampel_type_local_high_value,body_configuration,5,BD,19,130.234054505,0.0715346475879,4.25260595207,0.102183410183
hampel_type_local_high_value,body_configuration,5,BD,20,53.0963947828,0.0291646597613,1.44621494169,0.0347502628423
hampel_type_local_high_value,body_configuration,5,BD,21,56.1599184213,0.0308473846422,0.597462294883,0.0143560761177
hampel_type_local_high_value,body_configuration,5,BD,22,55.6745803187,0.0305807992989,2.58492502194,0.0621116691237
hampel_type_local_high_value,body_configuration,5,BD,23,54.3107326269,0.0298316683257,0.414697739604,0.0099645322669
hampel_type_local_high_value,body_configuration,5,BD,24,39.279079765,0.0215751182687,0.347344203426,0.00834613308011
hampel_type_local_high_value,body_configuration,5,BD,25,44.0508668002,0.0241961539512,0.347186226102,0.00834233713432
hampel_type_local_high_value,body_configuration,5,BD,26,50.0461544179,0.0274892310849,0.375948580223,0.00903345111527
hampel_type_local_high_value,body_configuration,5,BD,27,58.1107631459,0.0319189399309,1.15642641053,0.0277871017406
hampel_type_local_high_value,body_configuration,5,BD,28,24.4545597297,0.0134323416316,1.58881930557,0.0381768206688
hampel_type_local_high_value,body_configuration,5,BD,29,50.432623326,0.0277015097953,0.720471384012,0.0173117904144
hampel_type_local_high_value,body_configuration,5,BD,30,9.49061157338,0.00521298025217,2.5355304193,0.0609247947696
hampel_type_local_high_value,body_configuration,6,BP,1,14.3734474256,0.0229605977915,2.68909148117,0.0835608144389
hampel_type_local_high_value,body_configuration,6,BP,2,11.514862495,0.018394204156,1.43846870765,0.0446989690005
hampel_type_local_high_value,body_configuration,6,BP,3,16.6116745433,0.0265360123106,0.232680668918,0.00723031787319
hampel_type_local_high_value,body_configuration,6,BP,4,6.2801355327,0.0100320863724,0.863442428937,0.0268306054622
hampel_type_local_high_value,body_configuration,6,BP,5,18.2842057691,0.0292077663883,2.40752691261,0.0748114785271
hampel_type_local_high_value,body_configuration,6,BP,6,10.7371320791,0.0171518330851,2.63054154395,0.0817414339998
hampel_type_local_high_value,body_configuration,6,BP,7,11.8214217042,0.0188839114957,0.881659504603,0.0273966827749
hampel_type_local_high_value,body_configuration,6,BP,8,10.1247308326,0.0161735640386,0.821416894737,0.0255247042351
hampel_type_local_high_value,body_configuration,6,BP,9,20.3573896168,0.0325195355877,0.432826546775,0.0134496498213
hampel_type_local_high_value,body_configuration,6,BP,10,23.4243913686,0.0374188608201,0.908812382478,0.0282404311581
hampel_type_local_high_value,body_configuration,6,BP,11,14.6968073391,0.0234771431057,0.472006770648,0.0146671358904
hampel_type_local_high_value,body_configuration,6,BP,12,14.4081800841,0.0230160808346,1.20029163759,0.0372978559874
hampel_type_local_high_value,body_configuration,6,BP,13,22.9546908022,0.0366685463363,0.201309285335,0.00625548366595
hampel_type_local_high_value,body_configuration,6,BP,14,17.221433771,0.027510060913,0.449298955364,0.0139615133586
hampel_type_local_high_value,body_configuration,6,BP,15,26.1101943803,0.0417092471745,0.0455485282741,0.00141537472627
hampel_type_local_high_value,body_configuration,6,BP,16,13.8283003369,0.0220897626556,1.15828584078,0.0359925680797
hampel_type_local_high_value,body_configuration,6,BP,17,48.8233158012,0.0779919029697,0.208546622211,0.0064803766337
hampel_type_local_high_value,body_configuration,6,BP,18,60.2900383103,0.0963092067954,1.01626839345,0.0315795186738
hampel_type_local_high_value,body_configuration,6,BP,19,23.6937244572,0.037849101982,0.909947650095,0.0282757084581
hampel_type_local_high_value,body_configuration,6,BP,20,9.01826077242,0.0144060539022,0.561044058326,0.017433880096
hampel_type_local_high_value,body_configuration,6,BP,21,17.2515620675,0.0275581888032,0.670973485414,0.0208498265309
hampel_type_local_high_value,body_configuration,6,BP,22,16.8012294367,0.0268388132697,1.93212035561,0.0600386976936
hampel_type_local_high_value,body_configuration,6,BP,23,11.4283755584,0.0182560471985,1.32883651481,0.0412922588208
hampel_type_local_high_value,body_configuration,6,BP,24,26.8296869634,0.0428585872963,0.667529508357,0.020742808406
hampel_type_local_high_value,body_configuration,6,BP,25,13.1825972152,0.0210582961444,0.825441983215,0.0256497798132
hampel_type_local_high_value,body_configuration,6,BP,26,40.9647856983,0.0654384393793,0.151972059837,0.00472237898222
hampel_type_local_high_value,body_configuration,6,BP,27,32.0644132336,0.0512207039743,1.71192058275,0.0531962111184
hampel_type_local_high_value,body_configuration,6,BP,28,20.8017070131,0.0332293021961,2.89207097779,0.0898681982415
hampel_type_local_high_value,body_configuration,6,BP,29,31.5216542294,0.0503536836398,0.601613959305,0.0186945489841
hampel_type_local_high_value,body_configuration,6,BP,30,20.5845817023,0.0328824593834,1.86975601643,0.0581007885484
