waveform,action_id,action_label_en,action_label,metric,reference_estimate,n_replicates,finite_replicates,infinite_fraction,resampling_mean_finite,resampling_sd_finite,percentile_2_5_finite,percentile_50_finite,percentile_97_5_finite
body_configuration,1,forehand_attack,forehand attack,integrated_sigma2_athlete,1.15407606978,5000,5000,0,1.11153063571,0.251242229355,0.686608273324,1.09152679593,1.63777091848
body_configuration,1,forehand_attack,forehand attack,integrated_sigma2_trial,0.66508958926,5000,5000,0,0.665739850893,0.0899681713605,0.504385087959,0.659092880818,0.857578205804
body_configuration,1,forehand_attack,forehand attack,boundary_nodes,0,5000,5000,0,0,0,0,0,0
body_configuration,1,forehand_attack,forehand attack,boundary_fraction,0,5000,5000,0,0,0,0,0,0
body_configuration,1,forehand_attack,forehand attack,R_L2_m1,0.634398557408,5000,5000,0,0.619927550953,0.0566175352389,0.501536225515,0.623361473699,0.718962909978
body_configuration,1,forehand_attack,forehand attack,mean_pointwise_reliability_m1,0.619616194121,5000,5000,0,0.601320919683,0.0441022620162,0.509367825551,0.604450015905,0.678023687786
body_configuration,1,forehand_attack,forehand attack,R_L2_m2,0.776308268913,5000,5000,0,0.763843158475,0.0439451689518,0.668030802062,0.767988502618,0.836507763023
body_configuration,1,forehand_attack,forehand attack,mean_pointwise_reliability_m2,0.758796236233,5000,5000,0,0.74184613453,0.0361178526834,0.664771768397,0.745144483983,0.802826248649
body_configuration,1,forehand_attack,forehand attack,R_L2_m5,0.896652521782,5000,5000,0,0.889194123476,0.0244032018314,0.834185045748,0.89218710189,0.927490234687
body_configuration,1,forehand_attack,forehand attack,mean_pointwise_reliability_m5,0.883117839701,5000,5000,0,0.871854878502,0.0221901840146,0.823510361093,0.874109258155,0.908357763409
body_configuration,1,forehand_attack,forehand attack,R_L2_m10,0.945510589298,5000,5000,0,0.941168974357,0.0138299711456,0.909597477615,0.943022073238,0.962381254062
body_configuration,1,forehand_attack,forehand attack,mean_pointwise_reliability_m10,0.936510897941,5000,5000,0,0.929473150178,0.0135996794051,0.898937584616,0.930944921868,0.951424775423
body_configuration,1,forehand_attack,forehand attack,R_L2_m15,0.963001721399,5000,5000,0,0.959949506189,0.00963483609543,0.937859086581,0.961279307227,0.97460236024
body_configuration,1,forehand_attack,forehand attack,mean_pointwise_reliability_m15,0.956282158064,5000,5000,0,0.951148510587,0.00988260365,0.928822435693,0.952316220412,0.966959812995
body_configuration,1,forehand_attack,forehand attack,R_L2_m20,0.971992231242,5000,5000,0,0.969640352403,0.00739036544159,0.952658859484,0.970675615297,0.980830052318
body_configuration,1,forehand_attack,forehand attack,mean_pointwise_reliability_m20,0.966627374723,5000,5000,0,0.962573864423,0.00779294479482,0.945021587491,0.963486365755,0.974970066194
body_configuration,1,forehand_attack,forehand attack,R_L2_m30,0.981152192483,5000,5000,0,0.979540775442,0.00504054171593,0.967933213558,0.980257430632,0.987137845934
body_configuration,1,forehand_attack,forehand attack,mean_pointwise_reliability_m30,0.977324146809,5000,5000,0,0.974456844298,0.00550594670998,0.962075105332,0.975136312389,0.983136756726
body_configuration,1,forehand_attack,forehand attack,R_L2_m40,0.985797221554,5000,5000,0,0.984571851512,0.0038242372094,0.97575554976,0.985119628784,0.990322265321
body_configuration,1,forehand_attack,forehand attack,mean_pointwise_reliability_m40,0.982819331771,5000,5000,0,0.980593647804,0.00427094438157,0.97109077667,0.981120514734,0.987288015945
body_configuration,1,forehand_attack,forehand attack,R_L2_m50,0.988605410276,5000,5000,0,0.987616915766,0.00308075142779,0.980509934621,0.988060169204,0.992242797827
body_configuration,1,forehand_attack,forehand attack,mean_pointwise_reliability_m50,0.986167884683,5000,5000,0,0.984346075472,0.00349421608281,0.976566952942,0.984775249442,0.989789399425
body_configuration,1,forehand_attack,forehand attack,required_n_R_L2_80,3,5000,5000,0,3.0076,0.71808451388,2,3,4
body_configuration,1,forehand_attack,forehand attack,required_m_pointwise_G80,3,5000,5000,0,3.39,0.645897388667,2,3,5
body_configuration,1,forehand_attack,forehand attack,required_n_R_L2_90,6,5000,5000,0,6.146,1.4587356107,4,6,9
body_configuration,1,forehand_attack,forehand attack,required_m_pointwise_G90,6,5000,5000,0,7.2616,1.47783701417,5,7,11
body_configuration,2,forehand_drive,forehand drive,integrated_sigma2_athlete,4.68702630965,5000,5000,0,4.53161219668,0.515504159093,3.53468707943,4.52843363697,5.53771814065
body_configuration,2,forehand_drive,forehand drive,integrated_sigma2_trial,2.82358372244,5000,5000,0,2.81956787264,0.521039976966,2.0242800599,2.76507975347,4.00318674776
body_configuration,2,forehand_drive,forehand drive,boundary_nodes,0,5000,5000,0,0,0,0,0,0
body_configuration,2,forehand_drive,forehand drive,boundary_fraction,0,5000,5000,0,0,0,0,0,0
body_configuration,2,forehand_drive,forehand drive,R_L2_m1,0.62405401021,5000,5000,0,0.617364999394,0.0544977785974,0.503430898839,0.621848564399,0.709094284751
body_configuration,2,forehand_drive,forehand drive,mean_pointwise_reliability_m1,0.641083312458,5000,5000,0,0.629805944652,0.0360544346998,0.555556519808,0.631548919102,0.696627041396
body_configuration,2,forehand_drive,forehand drive,R_L2_m2,0.768513862577,5000,5000,0,0.761990773768,0.042495802934,0.669709394261,0.766839245097,0.829789545308
body_configuration,2,forehand_drive,forehand drive,mean_pointwise_reliability_m2,0.77758959438,5000,5000,0,0.767086315988,0.0286358151968,0.705805375408,0.769069851632,0.818405516773
body_configuration,2,forehand_drive,forehand drive,R_L2_m5,0.892470606679,5000,5000,0,0.888232114659,0.0236836799506,0.83523070773,0.891566193066,0.924171762878
body_configuration,2,forehand_drive,forehand drive,mean_pointwise_reliability_m5,0.894551381954,5000,5000,0,0.887838602865,0.016970229601,0.850225510359,0.889409747974,0.917207542227
body_configuration,2,forehand_drive,forehand drive,R_L2_m10,0.943180415621,5000,5000,0,0.940639674941,0.0134403687996,0.910218757892,0.942675118993,0.960591752466
body_configuration,2,forehand_drive,forehand drive,mean_pointwise_reliability_m10,0.943175898157,5000,5000,0,0.939092564005,0.0102615872435,0.916235564749,0.940164525329,0.956360616671
body_configuration,2,forehand_drive,forehand drive,R_L2_m15,0.961388989899,5000,5000,0,0.959584804707,0.00936771485876,0.938299317251,0.961038933155,0.973378127868
body_configuration,2,forehand_drive,forehand drive,mean_pointwise_reliability_m15,0.960952886649,5000,5000,0,0.957990760323,0.00744986989808,0.941423108791,0.95882089965,0.970403437649
body_configuration,2,forehand_drive,forehand drive,R_L2_m20,0.970759491027,5000,5000,0,0.969362217321,0.00718711905701,0.952999497147,0.970491781952,0.979899819794
body_configuration,2,forehand_drive,forehand drive,mean_pointwise_reliability_m20,0.970214465722,5000,5000,0,0.967872343636,0.00588717473402,0.954800885892,0.968568963535,0.977602022457
body_configuration,2,forehand_drive,forehand drive,R_L2_m30,0.980314455572,5000,5000,0,0.979352200158,0.00490303814565,0.96816761878,0.980132435829,0.986509492653
body_configuration,2,forehand_drive,forehand drive,mean_pointwise_reliability_m30,0.979768897308,5000,5000,0,0.978098434613,0.00418482807901,0.968834104488,0.978587515921,0.984845924061
body_configuration,2,forehand_drive,forehand drive,R_L2_m40,0.985162822198,5000,5000,0,0.984429215191,0.00372033598517,0.975934196121,0.985024947417,0.989847880178
body_configuration,2,forehand_drive,forehand drive,mean_pointwise_reliability_m40,0.984671461297,5000,5000,0,0.983363154446,0.00326496658753,0.976163849693,0.98375732707,0.988586779805
body_configuration,2,forehand_drive,forehand drive,R_L2_m50,0.988094930231,5000,5000,0,0.987502222402,0.00299725329231,0.980654242654,0.987983969797,0.991861780105
body_configuration,2,forehand_drive,forehand drive,mean_pointwise_reliability_m50,0.987657936858,5000,5000,0,0.986578582827,0.00268437428527,0.980629632665,0.986912076801,0.990846375876
body_configuration,2,forehand_drive,forehand drive,required_n_R_L2_80,3,5000,5000,0,3.0344,0.694343619984,2,3,4
body_configuration,2,forehand_drive,forehand drive,required_m_pointwise_G80,3,5000,5000,0,2.993,0.488055980117,2,3,4
body_configuration,2,forehand_drive,forehand drive,required_n_R_L2_90,6,5000,5000,0,6.2058,1.41387629205,4,6,9
body_configuration,2,forehand_drive,forehand drive,required_m_pointwise_G90,6,5000,5000,0,6.2502,1.08528131243,5,6,9
body_configuration,3,forehand_push,forehand push,integrated_sigma2_athlete,1.43168409255,5000,5000,0,1.38133503728,0.217587059985,0.97967859994,1.37369756399,1.83012041397
body_configuration,3,forehand_push,forehand push,integrated_sigma2_trial,0.524869247047,5000,5000,0,0.525661917305,0.0578657604134,0.420449583425,0.522313841647,0.648951621984
body_configuration,3,forehand_push,forehand push,boundary_nodes,0,5000,5000,0,0,0,0,0,0
body_configuration,3,forehand_push,forehand push,boundary_fraction,0,5000,5000,0,0,0,0,0,0
body_configuration,3,forehand_push,forehand push,R_L2_m1,0.73173782875,5000,5000,0,0.721355370492,0.0396325246674,0.633197759908,0.724149543676,0.78951092649
body_configuration,3,forehand_push,forehand push,mean_pointwise_reliability_m1,0.719089920699,5000,5000,0,0.703666592361,0.0371576465823,0.621972817039,0.706772519826,0.767347546198
body_configuration,3,forehand_push,forehand push,R_L2_m2,0.845090771365,5000,5000,0,0.837501185417,0.0271093861723,0.775408557904,0.840007812889,0.882376200997
body_configuration,3,forehand_push,forehand push,mean_pointwise_reliability_m2,0.833976082645,5000,5000,0,0.821522254168,0.0262723913918,0.762027066611,0.82422141651,0.864808076048
body_configuration,3,forehand_push,forehand push,R_L2_m5,0.931686911873,5000,5000,0,0.927735521339,0.0134851956872,0.8961721098,0.929207363936,0.949377859293
body_configuration,3,forehand_push,forehand push,mean_pointwise_reliability_m5,0.925157279157,5000,5000,0,0.917984613496,0.0136915795317,0.886525105395,0.919651835427,0.93985435822
body_configuration,3,forehand_push,forehand push,R_L2_m10,0.964635527783,5000,5000,0,0.962462244661,0.00729773189574,0.945243425073,0.963304807252,0.974031642728
body_configuration,3,forehand_push,forehand push,mean_pointwise_reliability_m10,0.960885087912,5000,5000,0,0.956746109056,0.00760219658042,0.939116990859,0.95771680657,0.96870423404
body_configuration,3,forehand_push,forehand push,R_L2_m15,0.976142448618,5000,5000,0,0.974645419787,0.0049992943182,0.962816944459,0.975233602254,0.982536596518
body_configuration,3,forehand_push,forehand push,mean_pointwise_reliability_m15,0.973520196772,5000,5000,0,0.970615568954,0.00526313936083,0.958323893836,0.971302954096,0.97885636046
body_configuration,3,forehand_push,forehand push,R_L2_m20,0.981999474347,5000,5000,0,0.980857980215,0.00380142926382,0.97185104228,0.981309477462,0.986845014684
body_configuration,3,forehand_push,forehand push,mean_pointwise_reliability_m20,0.979984823377,5000,5000,0,0.977747927103,0.00402525242976,0.968355542754,0.978275471277,0.984025808241
body_configuration,3,forehand_push,forehand push,R_L2_m30,0.987927210714,5000,5000,0,0.98715342819,0.00256969191061,0.981056279524,0.987461534819,0.991191384052
body_configuration,3,forehand_push,forehand push,mean_pointwise_reliability_m30,0.986551088402,5000,5000,0,0.98501891369,0.00273784866371,0.978644993248,0.985379605085,0.989280837367
body_configuration,3,forehand_push,forehand push,R_L2_m40,0.990917996757,5000,5000,0,0.99033277693,0.00194076736503,0.985724602357,0.990566580965,0.993378957484
body_configuration,3,forehand_push,forehand push,mean_pointwise_reliability_m40,0.989873216817,5000,5000,0,0.988708148162,0.00207451322614,0.98387806006,0.988980865037,0.991931635308
body_configuration,3,forehand_push,forehand push,R_L2_m50,0.992721176145,5000,5000,0,0.992250633505,0.00155915085792,0.98854698261,0.992438999555,0.994696142574
body_configuration,3,forehand_push,forehand push,mean_pointwise_reliability_m50,0.991879181717,5000,5000,0,0.99093931466,0.00166995763463,0.987054561052,0.991159514838,0.993532686049
body_configuration,3,forehand_push,forehand push,required_n_R_L2_80,2,5000,5000,0,2.0844,0.311923226483,2,2,3
body_configuration,3,forehand_push,forehand push,required_m_pointwise_G80,2,5000,5000,0,2.2006,0.406930901446,2,2,3
body_configuration,3,forehand_push,forehand push,required_n_R_L2_90,4,5000,5000,0,4.005,0.771682641259,3,4,6
body_configuration,3,forehand_push,forehand push,required_m_pointwise_G90,4,5000,5000,0,4.5172,0.802890457421,3,4,6
body_configuration,4,backhand_attack,backhand attack,integrated_sigma2_athlete,0.647799838555,5000,5000,0,0.625043310474,0.103175795799,0.431784506133,0.623651596265,0.836228238918
body_configuration,4,backhand_attack,backhand attack,integrated_sigma2_trial,0.458099577946,5000,5000,0,0.458285744611,0.0397445581737,0.382532155821,0.45748982408,0.539522467058
body_configuration,4,backhand_attack,backhand attack,boundary_nodes,0,5000,5000,0,0,0,0,0,0
body_configuration,4,backhand_attack,backhand attack,boundary_fraction,0,5000,5000,0,0,0,0,0,0
body_configuration,4,backhand_attack,backhand attack,R_L2_m1,0.585767411474,5000,5000,0,0.574056525075,0.0383104766996,0.493373354703,0.576212755668,0.64236400339
body_configuration,4,backhand_attack,backhand attack,mean_pointwise_reliability_m1,0.587346357951,5000,5000,0,0.57155252791,0.0332197232608,0.500805236972,0.57329297586,0.62971962862
body_configuration,4,backhand_attack,backhand attack,R_L2_m2,0.738780993021,5000,5000,0,0.728637757657,0.0312441775553,0.660750173043,0.731135760187,0.782243159321
body_configuration,4,backhand_attack,backhand attack,mean_pointwise_reliability_m2,0.73428887043,5000,5000,0,0.719330970367,0.0279298269031,0.658004478775,0.721335799331,0.767581751549
body_configuration,4,backhand_attack,backhand attack,R_L2_m5,0.876092145124,5000,5000,0,0.869940950338,0.0180583045181,0.829619040209,0.871768124665,0.899806582493
body_configuration,4,backhand_attack,backhand attack,mean_pointwise_reliability_m5,0.87056605265,5000,5000,0,0.860433719604,0.0172579143465,0.820899185695,0.862044472215,0.889391824568
body_configuration,4,backhand_attack,backhand attack,R_L2_m10,0.933954280871,5000,5000,0,0.930347162069,0.010394168574,0.906876263576,0.931491580797,0.947261253629
body_configuration,4,backhand_attack,backhand attack,mean_pointwise_reliability_m10,0.930060562091,5000,5000,0,0.923757633698,0.0103720503025,0.899880840426,0.92478230996,0.940816505421
body_configuration,4,backhand_attack,backhand attack,R_L2_m15,0.954978358348,5000,5000,0,0.95243521421,0.00728056245419,0.935928654479,0.953260367758,0.964211692257
body_configuration,4,backhand_attack,backhand attack,mean_pointwise_reliability_m15,0.952068404281,5000,5000,0,0.947517707647,0.00740123804903,0.930559099711,0.948289199973,0.959600194571
body_configuration,4,backhand_attack,backhand attack,R_L2_m20,0.965849389625,5000,5000,0,0.963886790847,0.0055999100824,0.951164247684,0.964530821732,0.972916450593
body_configuration,4,backhand_attack,backhand attack,mean_pointwise_reliability_m20,0.963538292689,5000,5000,0,0.959981035645,0.00575161805605,0.946716031325,0.960597989796,0.969335115248
body_configuration,4,backhand_attack,backhand attack,R_L2_m30,0.976970772357,5000,5000,0,0.975623946977,0.00382999702757,0.966904076962,0.976070966773,0.981779811268
body_configuration,4,backhand_attack,backhand attack,mean_pointwise_reliability_m30,0.975338991838,5000,5000,0,0.972864540809,0.00397747921844,0.963653650725,0.973308661589,0.979301676818
body_configuration,4,backhand_attack,backhand attack,R_L2_m40,0.982628063699,5000,5000,0,0.981603063422,0.00290986728412,0.974970967968,0.981945216702,0.986272328258
body_configuration,4,backhand_attack,backhand attack,mean_pointwise_reliability_m40,0.98136850205,5000,5000,0,0.979471984625,0.00303960995231,0.972401432948,0.979820551468,0.984376904854
body_configuration,4,backhand_attack,backhand attack,R_L2_m50,0.986053997144,5000,5000,0,0.985226729044,0.0023461217444,0.979876037703,0.985503828314,0.98898762776
body_configuration,4,backhand_attack,backhand attack,mean_pointwise_reliability_m50,0.985028775658,5000,5000,0,0.983491471368,0.00245958759084,0.97775632239,0.983773217122,0.987455383554
body_configuration,4,backhand_attack,backhand attack,required_n_R_L2_80,3,5000,5000,0,3.4806,0.575230230398,3,3,5
body_configuration,4,backhand_attack,backhand attack,required_m_pointwise_G80,3,5000,5000,0,3.7072,0.588504398867,3,4,5
body_configuration,4,backhand_attack,backhand attack,required_n_R_L2_90,7,5000,5000,0,7.2568,1.12263343134,6,7,10
body_configuration,4,backhand_attack,backhand attack,required_m_pointwise_G90,7,5000,5000,0,7.896,1.15232355262,6,8,11
body_configuration,5,backhand_drive,backhand drive,integrated_sigma2_athlete,1.41023825668,5000,5000,0,1.36240603334,0.204650057432,0.95756521514,1.3631826416,1.75490050357
body_configuration,5,backhand_drive,backhand drive,integrated_sigma2_trial,1.23882356894,5000,5000,0,1.23860688272,0.11140228436,1.02585628144,1.23550582453,1.46195120063
body_configuration,5,backhand_drive,backhand drive,boundary_nodes,0,5000,5000,0,0,0,0,0,0
body_configuration,5,backhand_drive,backhand drive,boundary_fraction,0,5000,5000,0,0,0,0,0,0
body_configuration,5,backhand_drive,backhand drive,R_L2_m1,0.532353848083,5000,5000,0,0.521802856366,0.0362487495331,0.448483847769,0.523499642653,0.587768266142
body_configuration,5,backhand_drive,backhand drive,mean_pointwise_reliability_m1,0.557047301258,5000,5000,0,0.539654533268,0.0357675869178,0.466064062456,0.54157320248,0.603483343662
body_configuration,5,backhand_drive,backhand drive,R_L2_m2,0.694818430807,5000,5000,0,0.685017733494,0.0315782264657,0.619245907008,0.687233036355,0.740370340777
body_configuration,5,backhand_drive,backhand drive,mean_pointwise_reliability_m2,0.713038093917,5000,5000,0,0.695549567637,0.0311710286635,0.6301253075,0.697885166177,0.749081584224
body_configuration,5,backhand_drive,backhand drive,R_L2_m5,0.850564372802,5000,5000,0,0.84419329705,0.0194376271019,0.802602394507,0.845992056405,0.876985154926
body_configuration,5,backhand_drive,backhand drive,mean_pointwise_reliability_m5,0.860011435759,5000,5000,0,0.847582328077,0.0197956454154,0.804879678998,0.849629194224,0.880250811829
body_configuration,5,backhand_drive,backhand drive,R_L2_m10,0.919248619829,5000,5000,0,0.915393759719,0.0115051119579,0.890492985876,0.916571719222,0.934461471497
body_configuration,5,backhand_drive,backhand drive,mean_pointwise_reliability_m10,0.924406243292,5000,5000,0,0.916517930287,0.0120485040019,0.889722718851,0.917931256516,0.936017302739
body_configuration,5,backhand_drive,backhand drive,R_L2_m15,0.944676599573,5000,5000,0,0.941926834012,0.00814295920242,0.924229524345,0.942790173663,0.955331818707
body_configuration,5,backhand_drive,backhand drive,mean_pointwise_reliability_m15,0.948216000271,5000,5000,0,0.942477061679,0.00864395802357,0.92317868458,0.943542204687,0.956312624511
body_configuration,5,backhand_drive,backhand drive,R_L2_m20,0.957925523907,5000,5000,0,0.955790461406,0.00629734985975,0.94207488995,0.956470044955,0.966120530459
body_configuration,5,backhand_drive,backhand drive,mean_pointwise_reliability_m20,0.960618424378,5000,5000,0,0.95611397611,0.0067380846179,0.940997589228,0.956968414594,0.966827553298
body_configuration,5,backhand_drive,backhand drive,R_L2_m30,0.971551362093,5000,5000,0,0.970076922663,0.00433118500113,0.960622953363,0.970552750826,0.977155702748
body_configuration,5,backhand_drive,backhand drive,mean_pointwise_reliability_m30,0.97337236387,5000,5000,0,0.970225508611,0.00467568705496,0.959678084461,0.970817813744,0.977609038188
body_configuration,5,backhand_drive,backhand drive,R_L2_m40,0.978510686143,5000,5000,0,0.977384941358,0.00330008730968,0.970173596091,0.977750768453,0.982768365918
body_configuration,5,backhand_drive,backhand drive,mean_pointwise_reliability_m40,0.979886125818,5000,5000,0,0.977468804603,0.00357990857874,0.96939450521,0.977926790297,0.983087384238
body_configuration,5,backhand_drive,backhand drive,R_L2_m50,0.982734343492,5000,5000,0,0.98182398391,0.00266537587668,0.975995684387,0.98212105621,0.986167019764
body_configuration,5,backhand_drive,backhand drive,mean_pointwise_reliability_m50,0.983839353363,5000,5000,0,0.981877163166,0.00290023414102,0.97533630997,0.982252905263,0.98641953891
body_configuration,5,backhand_drive,backhand drive,required_n_R_L2_80,4,5000,5000,0,4.2108,0.611259427426,3,4,5
body_configuration,5,backhand_drive,backhand drive,required_m_pointwise_G80,4,5000,5000,0,4.0938,0.631728878773,3,4,5
body_configuration,5,backhand_drive,backhand drive,required_n_R_L2_90,8,5000,5000,0,8.8328,1.28123864853,7,9,12
body_configuration,5,backhand_drive,backhand drive,required_m_pointwise_G90,8,5000,5000,0,8.6968,1.35190062026,7,9,12
body_configuration,6,backhand_push,backhand push,integrated_sigma2_athlete,1.10118121085,5000,5000,0,1.06380954108,0.14724573215,0.786300233482,1.06157942021,1.35327022366
body_configuration,6,backhand_push,backhand push,integrated_sigma2_trial,0.425853694245,5000,5000,0,0.426677297222,0.0436936018664,0.347422522008,0.424213500475,0.51873744781
body_configuration,6,backhand_push,backhand push,boundary_nodes,0,5000,5000,0,0,0,0,0,0
body_configuration,6,backhand_push,backhand push,boundary_fraction,0,5000,5000,0,0,0,0,0,0
body_configuration,6,backhand_push,backhand push,R_L2_m1,0.721123798269,5000,5000,0,0.711214334133,0.0396638772017,0.627645858829,0.713914091035,0.780936181291
body_configuration,6,backhand_push,backhand push,mean_pointwise_reliability_m1,0.694126682988,5000,5000,0,0.676812275,0.0385822342884,0.597701948097,0.678703183111,0.745869800824
body_configuration,6,backhand_push,backhand push,R_L2_m2,0.837968540083,5000,5000,0,0.830604320528,0.0274181634596,0.771231475317,0.833080368222,0.876995132654
body_configuration,6,backhand_push,backhand push,mean_pointwise_reliability_m2,0.815405310475,5000,5000,0,0.800499443573,0.0288304748637,0.740032942682,0.802607412776,0.850588370821
body_configuration,6,backhand_push,backhand push,R_L2_m5,0.928207865406,5000,5000,0,0.924324102808,0.0137536255649,0.893933829106,0.925800983811,0.946877454026
body_configuration,6,backhand_push,backhand push,mean_pointwise_reliability_m5,0.915279822312,5000,5000,0,0.906140523512,0.0158888335015,0.872371243755,0.907630619519,0.932846159241
body_configuration,6,backhand_push,backhand push,R_L2_m10,0.96276742986,5000,5000,0,0.96062067936,0.00746754727366,0.943996897175,0.961471088231,0.972713975466
body_configuration,6,backhand_push,backhand push,mean_pointwise_reliability_m10,0.955396067426,5000,5000,0,0.949972811791,0.00905630118598,0.930594993975,0.95090969501,0.964938692411
body_configuration,6,backhand_push,backhand push,R_L2_m15,0.974866356525,5000,5000,0,0.973385013621,0.00512159291006,0.961954373733,0.973979883226,0.981642347861
body_configuration,6,backhand_push,backhand push,mean_pointwise_reliability_m15,0.969724315297,5000,5000,0,0.965878810084,0.00633275789776,0.952234686335,0.966562034409,0.976261713972
body_configuration,6,backhand_push,backhand push,R_L2_m20,0.981030574701,5000,5000,0,0.979900031739,0.00389674870225,0.971191773542,0.980357135009,0.986168281426
body_configuration,6,backhand_push,backhand push,mean_pointwise_reliability_m20,0.977084461423,5000,5000,0,0.974107005814,0.00486882464146,0.963553934053,0.974639743779,0.982054436396
body_configuration,6,backhand_push,backhand push,R_L2_m30,0.987273243381,5000,5000,0,0.986506189883,0.00263572336492,0.980608302218,0.986818448863,0.990736142595
body_configuration,6,backhand_push,backhand push,mean_pointwise_reliability_m30,0.984580824287,5000,5000,0,0.982530126584,0.00332966446244,0.975294783467,0.98289293741,0.987942558395
body_configuration,6,backhand_push,backhand push,R_L2_m40,0.990424466163,5000,5000,0,0.989844070033,0.00199124859993,0.98538537607,0.990081150191,0.993035978521
body_configuration,6,backhand_push,backhand push,mean_pointwise_reliability_m40,0.988381452956,5000,5000,0,0.986817721371,0.00252996814099,0.981313499817,0.987096000429,0.990920664738
body_configuration,6,backhand_push,backhand push,R_L2_m50,0.992324874246,5000,5000,0,0.991858081202,0.00160000227079,0.988274026717,0.99204914749,0.994421012378
body_configuration,6,backhand_push,backhand push,mean_pointwise_reliability_m50,0.990678938429,5000,5000,0,0.989415326831,0.00204003355138,0.984948147541,0.989643331637,0.99271898595
body_configuration,6,backhand_push,backhand push,required_n_R_L2_80,2,5000,5000,0,2.1298,0.348964633255,2,2,3
body_configuration,6,backhand_push,backhand push,required_m_pointwise_G80,2,5000,5000,0,2.4792,0.531435644993,2,2,3
body_configuration,6,backhand_push,backhand push,required_n_R_L2_90,4,5000,5000,0,4.201,0.791153704938,3,4,6
body_configuration,6,backhand_push,backhand push,required_m_pointwise_G90,5,5000,5000,0,5.1768,0.95442335721,4,5,7
racket,1,forehand_attack,forehand attack,integrated_sigma2_athlete,56.5458050243,5000,5000,0,54.4657426075,11.0615522736,33.9946637055,53.9416253516,77.2418209337
racket,1,forehand_attack,forehand attack,integrated_sigma2_trial,36.7401809084,5000,5000,0,36.7324446177,4.14528566336,28.8466203198,36.6199665038,44.9937631694
racket,1,forehand_attack,forehand attack,boundary_nodes,0,5000,5000,0,0,0,0,0,0
racket,1,forehand_attack,forehand attack,boundary_fraction,0,5000,5000,0,0,0,0,0,0
racket,1,forehand_attack,forehand attack,R_L2_m1,0.606155409721,5000,5000,0,0.592317900532,0.0603412166278,0.466455711946,0.595071690928,0.703005598519
racket,1,forehand_attack,forehand attack,mean_pointwise_reliability_m1,0.601177404147,5000,5000,0,0.583000862035,0.0566924500322,0.472267450072,0.583649819337,0.691354236895
racket,1,forehand_attack,forehand attack,R_L2_m2,0.754790484224,5000,5000,0,0.742138981652,0.0483867122375,0.636167470035,0.746137862352,0.825605739678
racket,1,forehand_attack,forehand attack,mean_pointwise_reliability_m2,0.745840498695,5000,5000,0,0.727359768787,0.0471802971877,0.631134142122,0.729590186952,0.812884121752
racket,1,forehand_attack,forehand attack,R_L2_m5,0.884996174232,5000,5000,0,0.877025737196,0.0277285479454,0.813825094538,0.880208888306,0.922090068953
racket,1,forehand_attack,forehand attack,mean_pointwise_reliability_m5,0.876975186894,5000,5000,0,0.863891355763,0.0288985730025,0.801790265183,0.866419295529,0.913349803523
racket,1,forehand_attack,forehand attack,R_L2_m10,0.93898988903,5000,5000,0,0.934249176525,0.015938262479,0.897357850588,0.936288402607,0.959466035269
racket,1,forehand_attack,forehand attack,mean_pointwise_reliability_m10,0.933483749785,5000,5000,0,0.925155345829,0.0173813729381,0.886889024303,0.927043490155,0.95416142997
racket,1,forehand_attack,forehand attack,R_L2_m15,0.958482258685,5000,5000,0,0.955123267628,0.0111625196727,0.92914775813,0.956603992075,0.972607244515
racket,1,forehand_attack,forehand attack,mean_pointwise_reliability_m15,0.954348973921,5000,5000,0,0.948253250377,0.0124415311401,0.920477138027,0.949698216199,0.968869862656
racket,1,forehand_attack,forehand attack,R_L2_m20,0.968535106183,5000,5000,0,0.96593632908,0.00858592970755,0.94590258781,0.967096018697,0.979313770177
racket,1,forehand_attack,forehand attack,mean_pointwise_reliability_m20,0.965232943416,5000,5000,0,0.960420408442,0.00969781061636,0.938654515613,0.961591835922,0.976409318704
racket,1,forehand_attack,forehand attack,R_L2_m30,0.978801063359,5000,5000,0,0.977013075634,0.0058727417194,0.963272775908,0.977820750595,0.9861134265
racket,1,forehand_attack,forehand attack,mean_pointwise_reliability_m30,0.976448246611,5000,5000,0,0.973054022924,0.00673947391375,0.957904351596,0.97390939169,0.984111025391
racket,1,forehand_attack,forehand attack,R_L2_m40,0.984016087029,5000,5000,0,0.982653571525,0.00446215664397,0.972199321478,0.983272813838,0.989548786991
racket,1,forehand_attack,forehand attack,mean_pointwise_reliability_m40,0.982189105254,5000,5000,0,0.979563472174,0.00516908888504,0.967931101144,0.980232549189,0.988023517838
racket,1,forehand_attack,forehand attack,R_L2_m50,0.987171860852,5000,5000,0,0.986071324474,0.00359785314459,0.977635105325,0.986573332998,0.991621516529
racket,1,forehand_attack,forehand attack,mean_pointwise_reliability_m50,0.985678683605,5000,5000,0,0.983536189323,0.00419425607428,0.974094731577,0.984076495126,0.990389664959
racket,1,forehand_attack,forehand attack,required_n_R_L2_80,3,5000,5000,0,3.3334,0.799232253127,2,3,5
racket,1,forehand_attack,forehand attack,required_m_pointwise_G80,3,5000,5000,0,3.6216,0.858231176403,2,4,5
racket,1,forehand_attack,forehand attack,required_n_R_L2_90,6,5000,5000,0,6.8692,1.69560206808,4,7,11
racket,1,forehand_attack,forehand attack,required_m_pointwise_G90,7,5000,5000,0,7.7614,1.9038894398,5,8,12
racket,2,forehand_drive,forehand drive,integrated_sigma2_athlete,183.267533786,5000,5000,0,177.293724002,24.0214467795,130.194066614,177.217024317,224.069728504
racket,2,forehand_drive,forehand drive,integrated_sigma2_trial,138.580262376,5000,5000,0,138.417565678,12.9576888754,112.945890997,138.287482138,164.360792572
racket,2,forehand_drive,forehand drive,boundary_nodes,0,5000,5000,0,0.0004,0.0199979994999,0,0,0
racket,2,forehand_drive,forehand drive,boundary_fraction,0,5000,5000,0,2e-06,9.99899974993e-05,0,0,0
racket,2,forehand_drive,forehand drive,R_L2_m1,0.569422988044,5000,5000,0,0.559944075689,0.0416589581684,0.472716823863,0.562926892143,0.634876856486
racket,2,forehand_drive,forehand drive,mean_pointwise_reliability_m1,0.591532750933,5000,5000,0,0.582294187393,0.0339129533681,0.51156692722,0.583679672953,0.645653543497
racket,2,forehand_drive,forehand drive,R_L2_m2,0.725646294698,5000,5000,0,0.716978909431,0.0346252318352,0.641965673065,0.720349614483,0.776666271746
racket,2,forehand_drive,forehand drive,mean_pointwise_reliability_m2,0.731900470099,5000,5000,0,0.722056853049,0.0288916907542,0.660987747281,0.72366498012,0.774875453288
racket,2,forehand_drive,forehand drive,R_L2_m5,0.86863408208,5000,5000,0,0.863125308888,0.0203881044052,0.817603810912,0.865586588341,0.896843515284
racket,2,forehand_drive,forehand drive,mean_pointwise_reliability_m5,0.864118925757,5000,5000,0,0.856419007619,0.0191477989903,0.814573310635,0.857831166694,0.890596067216
racket,2,forehand_drive,forehand drive,R_L2_m10,0.929699495916,5000,5000,0,0.926405437653,0.0118344113242,0.899650194312,0.927951126734,0.945616766014
racket,2,forehand_drive,forehand drive,mean_pointwise_reliability_m10,0.924331665149,5000,5000,0,0.918959860123,0.0123954767923,0.891230731899,0.919986037323,0.940403077773
racket,2,forehand_drive,forehand drive,R_L2_m15,0.952008385718,5000,5000,0,0.949669477849,0.0083156263536,0.930784888523,0.950785467278,0.963075146356
racket,2,forehand_drive,forehand drive,mean_pointwise_reliability_m15,0.94737911494,5000,5000,0,0.943240749364,0.00922607042097,0.922439679268,0.944033321117,0.959005469756
racket,2,forehand_drive,forehand drive,R_L2_m20,0.963569196016,5000,5000,0,0.961757602328,0.00640665178606,0.947174587173,0.962629305136,0.972048331954
racket,2,forehand_drive,forehand drive,mean_pointwise_reliability_m20,0.959623504306,5000,5000,0,0.956245679673,0.00736800764123,0.939595921356,0.956895251911,0.968769811406
racket,2,forehand_drive,forehand drive,R_L2_m30,0.975414237647,5000,5000,0,0.974166383488,0.00438927164242,0.964151826589,0.974771940047,0.981190300477
racket,2,forehand_drive,forehand drive,mean_pointwise_reliability_m30,0.972422254226,5000,5000,0,0.969938711689,0.00527037788508,0.957898596072,0.970404070812,0.978832712244
racket,2,forehand_drive,forehand drive,R_L2_m40,0.981446641117,5000,5000,0,0.980495155658,0.00333770973897,0.972870736302,0.980958862294,0.985826073533
racket,2,forehand_drive,forehand drive,mean_pointwise_reliability_m40,0.979051716968,5000,5000,0,0.977080864893,0.00411142201727,0.967668331263,0.977470228012,0.983986643717
racket,2,forehand_drive,forehand drive,R_L2_m50,0.985102031422,5000,5000,0,0.984333211868,0.00269251324963,0.978178187097,0.984708857686,0.988628623415
racket,2,forehand_drive,forehand drive,mean_pointwise_reliability_m50,0.983109124417,5000,5000,0,0.9814724466,0.0033742667783,0.97373099575,0.981804901483,0.987120950412
racket,2,forehand_drive,forehand drive,required_n_R_L2_80,4,5000,5000,0,3.6672,0.643216064306,3,4,5
racket,2,forehand_drive,forehand drive,required_m_pointwise_G80,4,5000,5000,0,3.7488,0.627516785005,3,4,5
racket,2,forehand_drive,forehand drive,required_n_R_L2_90,7,5000,5000,0,7.6628,1.28911928296,6,7,11
racket,2,forehand_drive,forehand drive,required_m_pointwise_G90,8,5000,5000,0,8.3538,1.41598960636,6,8,12
racket,3,forehand_push,forehand push,integrated_sigma2_athlete,17.4789193246,5000,5000,0,16.8337319693,2.48636579947,12.511772956,16.6377206607,22.0958224145
racket,3,forehand_push,forehand push,integrated_sigma2_trial,15.0268038799,5000,5000,0,15.0262243024,1.61364142759,11.9804059119,14.9860662834,18.3361932724
racket,3,forehand_push,forehand push,boundary_nodes,0,5000,5000,0,0,0,0,0,0
racket,3,forehand_push,forehand push,boundary_fraction,0,5000,5000,0,0,0,0,0,0
racket,3,forehand_push,forehand push,R_L2_m1,0.537718210872,5000,5000,0,0.52685766499,0.0475032303078,0.436985747769,0.525969341292,0.622185286395
racket,3,forehand_push,forehand push,mean_pointwise_reliability_m1,0.535465874027,5000,5000,0,0.520586125181,0.0430956631613,0.437695666975,0.520535007004,0.606070138965
racket,3,forehand_push,forehand push,R_L2_m2,0.699371584559,5000,5000,0,0.688851372584,0.0408270664774,0.608197743589,0.689357678503,0.76709521574
racket,3,forehand_push,forehand push,mean_pointwise_reliability_m2,0.690724311438,5000,5000,0,0.674577474633,0.0389209161258,0.597625520688,0.675556041745,0.748807732589
racket,3,forehand_push,forehand push,R_L2_m5,0.853284530322,5000,5000,0,0.846223948101,0.0248573480138,0.795114283319,0.847277903426,0.891704572213
racket,3,forehand_push,forehand push,mean_pointwise_reliability_m5,0.844131693358,5000,5000,0,0.831624479513,0.0258878849483,0.777971991547,0.833062223939,0.878571896258
racket,3,forehand_push,forehand push,R_L2_m10,0.920834892172,5000,5000,0,0.916510619058,0.0146507426534,0.885864805198,0.917325868354,0.942752462807
racket,3,forehand_push,forehand push,mean_pointwise_reliability_m10,0.914393002778,5000,5000,0,0.906074520097,0.0161644024427,0.871508399965,0.907226284855,0.934586527617
racket,3,forehand_push,forehand push,R_L2_m15,0.945792822429,5000,5000,0,0.94269507548,0.0103539501164,0.920900525219,0.943321976785,0.96109252278
racket,3,forehand_push,forehand push,mean_pointwise_reliability_m15,0.940958691291,5000,5000,0,0.934786358165,0.0117205324726,0.909481707081,0.935673495821,0.955224387675
racket,3,forehand_push,forehand push,R_L2_m20,0.958786094448,5000,5000,0,0.956375627119,0.0080011680257,0.939478590886,0.956880500592,0.970532768168
racket,3,forehand_push,forehand push,mean_pointwise_reliability_m20,0.954935552205,5000,5000,0,0.950037564719,0.00918991591576,0.930102115694,0.950755741116,0.965986351196
racket,3,forehand_push,forehand push,R_L2_m30,0.972141341593,5000,5000,0,0.970473057313,0.00549882956698,0.958821670333,0.970834465986,0.980160305147
racket,3,forehand_push,forehand push,mean_pointwise_reliability_m30,0.969412998838,5000,5000,0,0.965950364466,0.00641735266374,0.952007631435,0.966486879028,0.977013754831
racket,3,forehand_push,forehand push,R_L2_m40,0.978959465932,5000,5000,0,0.977684308137,0.00418814314444,0.968795010381,0.977965185204,0.98504605845
racket,3,forehand_push,forehand push,mean_pointwise_reliability_m40,0.976849262877,5000,5000,0,0.974172467942,0.00492989441919,0.963454188537,0.974595376889,0.982619758618
racket,3,forehand_push,forehand push,R_L2_m50,0.983096440763,5000,5000,0,0.982064566025,0.0033818445159,0.974879229613,0.982294119002,0.988000960172
racket,3,forehand_push,forehand push,mean_pointwise_reliability_m50,0.981376648121,5000,5000,0,0.979195244984,0.00400225665945,0.970490819401,0.979542934692,0.986026827517
racket,3,forehand_push,forehand push,required_n_R_L2_80,4,5000,5000,0,4.1458,0.757533584355,3,4,6
racket,3,forehand_push,forehand push,required_m_pointwise_G80,4,5000,5000,0,4.5404,0.83839633926,3,4,6
racket,3,forehand_push,forehand push,required_n_R_L2_90,8,5000,5000,0,8.7224,1.60195239951,6,9,12
racket,3,forehand_push,forehand push,required_m_pointwise_G90,9,5000,5000,0,9.8548,1.85978727863,7,10,14
racket,4,backhand_attack,backhand attack,integrated_sigma2_athlete,26.3090746906,5000,5000,0,25.3658386769,4.43991158412,16.9199569148,25.3441256369,34.2378576618
racket,4,backhand_attack,backhand attack,integrated_sigma2_trial,48.4837028271,5000,5000,0,48.4266848313,5.49948442909,38.3245227703,48.1810806179,59.7426695842
racket,4,backhand_attack,backhand attack,boundary_nodes,0,5000,5000,0,0,0,0,0,0
racket,4,backhand_attack,backhand attack,boundary_fraction,0,5000,5000,0,0,0,0,0,0
racket,4,backhand_attack,backhand attack,R_L2_m1,0.351759562404,5000,5000,0,0.343049880745,0.0439115901718,0.253273624393,0.344040086397,0.423428363292
racket,4,backhand_attack,backhand attack,mean_pointwise_reliability_m1,0.409676994424,5000,5000,0,0.400259075168,0.0293685214186,0.341118075841,0.4011328724,0.455342066565
racket,4,backhand_attack,backhand attack,R_L2_m2,0.520446937735,5000,5000,0,0.509246741958,0.0491586057223,0.404179293792,0.511949142406,0.594941584939
racket,4,backhand_attack,backhand attack,mean_pointwise_reliability_m2,0.563906248184,5000,5000,0,0.551128435425,0.0322900693945,0.484364442747,0.552601715356,0.609759152561
racket,4,backhand_attack,backhand attack,R_L2_m5,0.730689598431,5000,5000,0,0.720089898689,0.040383491246,0.629065412542,0.723941220941,0.785956581145
racket,4,backhand_attack,backhand attack,mean_pointwise_reliability_m5,0.749670910434,5000,5000,0,0.736068097679,0.0283213726012,0.675282899085,0.738300361296,0.785004632872
racket,4,backhand_attack,backhand attack,R_L2_m10,0.844391275123,5000,5000,0,0.83661879271,0.0277635148023,0.772302213945,0.839867637462,0.880151947063
racket,4,backhand_attack,backhand attack,mean_pointwise_reliability_m10,0.852145836543,5000,5000,0,0.841093458876,0.0210586701043,0.794198101454,0.843246201823,0.875913649905
racket,4,backhand_attack,backhand attack,R_L2_m15,0.890585570109,5000,5000,0,0.884601471871,0.020869160629,0.835733791934,0.887225474309,0.916776576275
racket,4,backhand_attack,backhand attack,mean_pointwise_reliability_m15,0.894886009625,5000,5000,0,0.885912197561,0.0165302708302,0.848467729779,0.887793719891,0.912648792796
racket,4,backhand_attack,backhand attack,R_L2_m20,0.91563139179,5000,5000,0,0.910790473404,0.0166732098508,0.871524289472,0.912965280825,0.936256187628
racket,4,backhand_attack,backhand attack,mean_pointwise_reliability_m20,0.918418443336,5000,5000,0,0.91092004096,0.0135688428521,0.879851792943,0.912564160924,0.932564739981
racket,4,backhand_attack,backhand attack,R_L2_m30,0.942126697876,5000,5000,0,0.938636291031,0.0118689847605,0.910517413323,0.940243215479,0.956581573064
racket,4,backhand_attack,backhand attack,mean_pointwise_reliability_m30,0.943628440174,5000,5000,0,0.938015383801,0.00997193944365,0.914948328124,0.93931809511,0.953670721791
racket,4,backhand_attack,backhand attack,R_L2_m40,0.955957806616,5000,5000,0,0.953232446017,0.00920732412344,0.931352368064,0.954502718767,0.967078833482
racket,4,backhand_attack,backhand attack,mean_pointwise_reliability_m40,0.956929281846,5000,5000,0,0.952453134038,0.00787755334987,0.934022970871,0.953516206034,0.964732135619
racket,4,backhand_attack,backhand attack,R_L2_m50,0.964453132894,5000,5000,0,0.962218726156,0.00751897957709,0.944317398702,0.963267933161,0.973488508943
racket,4,backhand_attack,backhand attack,mean_pointwise_reliability_m50,0.965149870106,5000,5000,0,0.961430084525,0.0065090798319,0.946219444114,0.962332963738,0.971537306453
racket,4,backhand_attack,backhand attack,required_n_R_L2_80,8,5000,5000,0,8.3682,1.65661632116,6,8,12
racket,4,backhand_attack,backhand attack,required_m_pointwise_G80,7,5000,5000,0,7.9656,1.29365812728,6,8,11
racket,4,backhand_attack,backhand attack,required_n_R_L2_90,17,5000,5000,0,18.1938,3.69661663618,13,18,27
racket,4,backhand_attack,backhand attack,required_m_pointwise_G90,16,5000,5000,0,18.0934,3.10228968348,13,18,25
racket,5,backhand_drive,backhand drive,integrated_sigma2_athlete,72.7581566378,5000,5000,0,69.9985077979,11.0060013964,47.9143357226,69.8204607552,91.7314226835
racket,5,backhand_drive,backhand drive,integrated_sigma2_trial,212.797927209,5000,5000,0,212.641076312,31.286094128,157.567764387,210.367996472,279.554602767
racket,5,backhand_drive,backhand drive,boundary_nodes,0,5000,5000,0,0,0,0,0,0
racket,5,backhand_drive,backhand drive,boundary_fraction,0,5000,5000,0,0,0,0,0,0
racket,5,backhand_drive,backhand drive,R_L2_m1,0.254794629684,5000,5000,0,0.249704601175,0.0423747372512,0.171504845812,0.248131382794,0.337745656507
racket,5,backhand_drive,backhand drive,mean_pointwise_reliability_m1,0.392152812462,5000,5000,0,0.385496832954,0.0315749237,0.322830468708,0.385763073941,0.446630563643
racket,5,backhand_drive,backhand drive,R_L2_m2,0.406113675747,5000,5000,0,0.397789847307,0.054098173434,0.29279408683,0.397604589034,0.504947490816
racket,5,backhand_drive,backhand drive,mean_pointwise_reliability_m2,0.54939823965,5000,5000,0,0.539374185251,0.0337453726952,0.468958637232,0.540368843011,0.602169953269
racket,5,backhand_drive,backhand drive,R_L2_m5,0.630936361793,5000,5000,0,0.620124784573,0.0535152555085,0.508608760497,0.622655466281,0.718307427077
racket,5,backhand_drive,backhand drive,mean_pointwise_reliability_m5,0.739080386785,5000,5000,0,0.727500848896,0.0288812925809,0.663875510108,0.729250772913,0.778654700375
racket,5,backhand_drive,backhand drive,R_L2_m10,0.773710583164,5000,5000,0,0.764163859962,0.0413287094394,0.67427523125,0.76745246195,0.836063926229
racket,5,backhand_drive,backhand drive,mean_pointwise_reliability_m10,0.844327580915,5000,5000,0,0.834325825454,0.0216143975754,0.785241884054,0.836075027204,0.871059583572
racket,5,backhand_drive,backhand drive,R_L2_m15,0.836832711956,5000,5000,0,0.82887270313,0.0327185109025,0.756401461602,0.831941078471,0.884391834538
racket,5,backhand_drive,backhand drive,mean_pointwise_reliability_m15,0.888664261794,5000,5000,0,0.880240776247,0.0171657230327,0.840698048669,0.881786119526,0.908748407499
racket,5,backhand_drive,backhand drive,R_L2_m20,0.872420326639,5000,5000,0,0.865688275556,0.0269222131242,0.805453271505,0.868427840019,0.910713308229
racket,5,backhand_drive,backhand drive,mean_pointwise_reliability_m20,0.913256068252,5000,5000,0,0.906040316962,0.0142341635502,0.873019600722,0.907466631339,0.929374456792
racket,5,backhand_drive,backhand drive,R_L2_m30,0.911169217,5000,5000,0,0.906076236115,0.0197956431292,0.861308166851,0.908261830294,0.938649614488
racket,5,backhand_drive,backhand drive,mean_pointwise_reliability_m30,0.939782980679,5000,5000,0,0.934206651842,0.0106202257983,0.909250631802,0.93535663638,0.951325594144
racket,5,backhand_drive,backhand drive,R_L2_m40,0.93186376395,5000,5000,0,0.927784164549,0.0156266022242,0.892244938374,0.929581353278,0.953270492537
racket,5,backhand_drive,backhand drive,mean_pointwise_reliability_m40,0.953867849078,5000,5000,0,0.949332691874,0.00847736754139,0.929323745686,0.950315803469,0.962873974183
racket,5,backhand_drive,backhand drive,R_L2_m50,0.944737941426,5000,5000,0,0.941339780674,0.0129011359373,0.911897247183,0.942860343159,0.962263714419
racket,5,backhand_drive,backhand drive,mean_pointwise_reliability_m50,0.962607722864,5000,5000,0,0.958788073828,0.00705768785919,0.941920157317,0.959624715918,0.969962517075
racket,5,backhand_drive,backhand drive,required_n_R_L2_80,12,5000,5000,0,13.0022,2.9556627596,8,13,20
racket,5,backhand_drive,backhand drive,required_m_pointwise_G80,8,5000,5000,0,8.3474,1.3669992602,6,8,12
racket,5,backhand_drive,backhand drive,required_n_R_L2_90,27,5000,5000,0,28.6344,6.63270195222,18,28,44
racket,5,backhand_drive,backhand drive,required_m_pointwise_G90,17,5000,5000,0,19.2044,3.36661364838,14,19,27
racket,6,backhand_push,backhand push,integrated_sigma2_athlete,16.4099177184,5000,5000,0,15.8197949555,2.12934090873,11.7415802379,15.782033202,20.0772727601
racket,6,backhand_push,backhand push,integrated_sigma2_trial,18.1538575032,5000,5000,0,18.1201894865,1.73772788225,14.9920608573,18.0451365273,21.6636928737
racket,6,backhand_push,backhand push,boundary_nodes,0,5000,5000,0,0,0,0,0,0
racket,6,backhand_push,backhand push,boundary_fraction,0,5000,5000,0,0,0,0,0,0
racket,6,backhand_push,backhand push,R_L2_m1,0.474772145496,5000,5000,0,0.465195537436,0.0376733466492,0.385728219953,0.467063401373,0.533631989673
racket,6,backhand_push,backhand push,mean_pointwise_reliability_m1,0.493327341694,5000,5000,0,0.475861551368,0.0315714378581,0.408521053726,0.477857888559,0.531292172591
racket,6,backhand_push,backhand push,R_L2_m2,0.643858303055,5000,5000,0,0.634083470424,0.0354629547848,0.55671554407,0.636732401422,0.695906179926
racket,6,backhand_push,backhand push,mean_pointwise_reliability_m2,0.652881096915,5000,5000,0,0.632916141684,0.0308987058874,0.563764152961,0.635459653783,0.685289154147
racket,6,backhand_push,backhand push,R_L2_m5,0.818830008242,5000,5000,0,0.811814313739,0.0236611222162,0.758437740858,0.81419474275,0.851215871584
racket,6,backhand_push,backhand push,mean_pointwise_reliability_m5,0.819858418037,5000,5000,0,0.803165785519,0.0229092819066,0.750044026817,0.805832103789,0.839896648178
racket,6,backhand_push,backhand push,R_L2_m10,0.900392015231,5000,5000,0,0.895944183566,0.014550191468,0.862626777434,0.897582518068,0.919628968885
racket,6,backhand_push,backhand push,mean_pointwise_reliability_m10,0.899703504097,5000,5000,0,0.888099602507,0.0152605609561,0.852305028333,0.890253108587,0.911808065776
racket,6,backhand_push,backhand push,R_L2_m15,0.931314122887,5000,5000,0,0.928084370786,0.0104500819031,0.904022959857,0.929308324232,0.944944352881
racket,6,backhand_push,backhand push,mean_pointwise_reliability_m15,0.930468435534,5000,5000,0,0.921697862853,0.0113821845535,0.894765367556,0.923415689894,0.93904527773
racket,6,backhand_push,backhand push,R_L2_m20,0.947585559205,5000,5000,0,0.945054138511,0.00814442794358,0.926247585276,0.946027389603,0.958131997163
racket,6,backhand_push,backhand push,mean_pointwise_reliability_m20,0.946783546979,5000,5000,0,0.939752891241,0.00906803737645,0.91815198352,0.941175281738,0.953457443914
racket,6,backhand_push,backhand push,R_L2_m30,0.964435678122,5000,5000,0,0.962670396253,0.00564689149681,0.949592498533,0.963359057292,0.97169294482
racket,6,backhand_push,backhand push,mean_pointwise_reliability_m30,0.963777468527,5000,5000,0,0.958753183293,0.00644353598912,0.94334978792,0.959805953296,0.968363163238
racket,6,backhand_push,backhand push,R_L2_m40,0.973087477186,5000,5000,0,0.971732899196,0.00432047442343,0.961711871678,0.972265235993,0.978618396054
racket,6,backhand_push,backhand push,mean_pointwise_reliability_m40,0.97254387671,5000,5000,0,0.968637789095,0.00499648463052,0.956729302709,0.969476449812,0.9760355602
racket,6,backhand_push,backhand push,R_L2_m50,0.978353469198,5000,5000,0,0.977254708361,0.00349835773911,0.96913313041,0.977688427555,0.982821255019
racket,6,backhand_push,backhand push,mean_pointwise_reliability_m50,0.977893623694,5000,5000,0,0.974699324333,0.0040800344763,0.964979636201,0.975393988429,0.980712529248
racket,6,backhand_push,backhand push,required_n_R_L2_80,5,5000,5000,0,5.159,0.790597248162,4,5,7
racket,6,backhand_push,backhand push,required_m_pointwise_G80,5,5000,5000,0,5.4372,0.823524012012,4,5,7
racket,6,backhand_push,backhand push,required_n_R_L2_90,10,5000,5000,0,10.9798,1.67330569544,8,11,15
racket,6,backhand_push,backhand push,required_m_pointwise_G90,11,5000,5000,0,11.9292,1.88310822294,9,12,16
